时间,标题,内容,图片url
2024.12.27,中国共产党上海理工大学第九次代表大会预备会议和主席团第一次会议召开,12月27日下午，中国共产党上海理工大学第九次代表大会预备会议在大礼堂二楼礼堂召开。会议由校党委书记王凌宇同志主持。第九次代表大会全体代表参加会议。会上，叶磊同志宣读中共中央“十严禁”换届纪律要求。贺莉同志受学校第九次党代会筹备工作领导小组委托，向大会作第九次党代会筹备情况报告。赵宁同志代表资格审查小组作第九次代表大会代表资格审查工作报告。经过全体代表认真审议，会议表决通过中国共产党上海理工大学第九次代表大会主席团成员名单、秘书长名单，通过《中国共产党上海理工大学第九次代表大会代表资格审查报告》，通过中国共产党上海理工大学第九次代表大会议程，宣布各代表团团长、副团长名单。王凌宇指出，召开好学校第九次党代会是学校政治生活和发展历程中的一件大事，意义重大、影响深远。大会将全面回顾第八次党代会以来党委领导学校各项工作所取得的成绩，总结经验，分析形势，科学谋划学校未来5年的奋斗目标、发展思路、重点任务，将选举产生中国共产党上海理工大学第九届委员会和中国共产党上海理工大学第九届纪律检查委员会，团结带领全校党员和师生员工共同奋斗。王凌宇就开好这次党代会向全体代表提出三点要求：一是要旗帜鲜明讲政治，,https://www.usst.edu.cn/_upload/article/images/2b/bf/b3b6ffa142f8812edb05dd1f2359/3608f2a7-9caa-4070-8eeb-cc4e7500597f.jpg
2024.12.25,中国共产党上海理工大学第八届委员会第十四次全体会议召开,"中国共产党上海理工大学第八届委员会第十四次全体会议12月25日上午在勤业楼212会议室召开。全会审议通过关于召开中共上海理工大学第九次代表大会的决议,决定12月27-29日召开中国共产党上海理工大学第九次代表大会；审议通过中国共产党上海理工大学第八届委员会工作报告（讨论稿）和中国共产党上海理工大学第八届纪律检查委员会工作报告（讨论稿），决定将这两份报告提交中国共产党上海理工大学第九次代表大会审查。全会由党委常委会主持。全会听取和审议了党委副书记、校长朱新远同志受党委常委会委托，所作的2024年学校事业发展情况报告。听取了党委副书记贺莉同志所作的中国共产党上海理工大学第九次代表大会筹备情况报告。会上，全体与会同志以高度的政治责任感和历史使命感，认真审议了中国共产党上海理工大学第八届委员会工作报告（讨论稿）和中国共产党上海理工大学第八届纪律检查委员会工作报告（讨论稿）。大家一致认为，报告（讨论稿）主题鲜明、立意高远，深入贯彻落实党的二十大和二十届二中、三中全会精神，全国教育大会精神，上海市第十二次党代会及历次全会精神，认真分析新时代赋予学校的使命和重任，明确了未来五年工作的奋斗目标，部署了",https://www.usst.edu.cn/_upload/article/images/ab/d2/3ee631344a4fb0833c2174decb38/6261240e-2c8b-4055-abfc-24b6fc71ec0e.jpg
2024.12.25,学校第八次党代会以来发展成就展开幕,12月25日上午，在全校师生喜迎学校第九次党代会召开之际， “爱国图强担使命 追求卓越创未来”——学校第八次党代会以来发展成就展在学生发展中心开幕。学校第八届党委委员及师生代表一同参观了展览。六载砥砺前行，以生动照片定格奋斗时刻；六载春华秋实，用详实数据呈现跨越发展。自学校第八次党代会以来，在学校党委的坚强领导下，全体师生以习近平新时代中国特色社会主义思想为指导，牢记科教兴国、教育强国的使命，踔厉奋发，团结奋进，奋力书写高质量发展的时代答卷。成就展上的每一张图片、每一幅图表、每一段文字，都是上理人凝心聚力、砥砺前行的见证，是上理改革开放、敢为人先的烙印。本次展览分党的建设、立德树人、人才培养、师资队伍、科技创新、文化建设、对外交流、校园治理八个篇章，以“主展分展同步，线上线下融合”的形式，在军工路校区及复兴路校区同步展出，通过700余张图片、图表全面回顾和展示第八次党代会以来学校聚力攻坚、勇攀高峰、矢志一流的奋斗足迹和丰硕成果，为喜迎学校第九次党代会隆重召开营造了浓厚氛围。线下展览时间为2024年12月25日至2025年1月17日，主展地点为军工路516号校区学生发展中心一楼大厅，参观,https://www.usst.edu.cn/_upload/article/images/e0/de/b8d24a5d468b85fe9bb38c1480c5/fbfca9fe-f054-4276-817e-fa965eb13a67.jpg
2024.12.23,2024年度“上理之星·优秀学生奖”暨“上理之星·罗曼创智教师奖”颁奖仪式举行,12月20日，2024年度“上理之星优秀学生奖”暨“上理之星罗曼创智教师奖”颁奖仪式在上理工附中举行。上海理工大学党委副书记、副校长刘德强，上海罗曼科技股份有限公司党支部书记、上海理工大学07届机械设计制造及自动化专业校友王聚，上海理工大学附属中学、附属储能中学、附属杨浦少云中学、附属初级中学、附属实验初级中学、附属普陀实验学校、附属嘉善实验学校、附属小学、附属幼稚园等各附属学校领导及获奖师生代表，相关职能部处负责人出席。颁奖仪式在上海理工大学附属中学合唱队带来的《天耀中华》优美旋律中拉开序幕。上海理工大学校友处副处长司徒唯尔宣读了2024年度“上理之星优秀学生奖”和“上理之星罗曼创智教师奖”获奖名单。上海理工大学工会常务副主席黄志强、党政办副主任邵荣、校友处副处长司徒唯尔和各附属学校的领导们分别为获得“上理之星·优秀学生奖”各校获奖学生代表颁发荣誉证书。刘德强和王聚校友分别为各校“上理之星·罗曼创智教师奖”获奖教师代表颁发荣誉证书。上理工附中获奖学生代表丁子扬在获奖感言中表达了对一直以来关怀、帮助自己成长的上海理工大学和上理工附中老师的感激之情，许下了不辜负师长们的期望、再创佳绩,https://www.usst.edu.cn/_upload/article/images/f0/73/05c74c214166a049be98ef43de9d/fbd69ab1-6b76-4a44-988a-7baad5509e7c.jpg
2024.12.20,学校召开2024年校学术委员会全体会议,12月17日上午，学校在图文信息中心第一会议室召开校学术委员会全体会议。校学术委员会及专门委员会全体委员出席会议。会议由学术委员会主任庄松林院士主持。,https://www.usst.edu.cn/_upload/article/images/de/46/2a3cd763413dab0be392638f03eb/9ae08d63-a0b5-44e6-b02e-8e9151cb92d1.jpg
2024.12.20,学校召开2024年度二级党组织书记抓基层党建工作述职评议会,12月19日上午，学校在勤业楼212会议室召开2024年度二级党组织书记抓基层党建工作述职评议会。在校党委常委、校领导出席会议，校党务部门负责人、各二级党组织书记、学校“两代表一委员”代表和一线师生代表参加会议。会议由校党委书记王凌宇主持。党委书记抓基层党建工作述职评议考核，是加强基层党组织建设的重要抓手，是落实全面从严治党主体责任的具体举措。学校此次述职考评以书面述职和现场述职相结合，二级党组织书记除提交书面述职报告外，管理学院党委、机械工程学院党委、外语学院党委、环境与建筑学院党委、健康科学与工程学院党委、出版学院党委、理学院党委等7家单位的二级党组织书记进行了现场述职。现场述职的7位二级党组织书记，紧紧围绕述职评议的要求，认真总结汇报了“学习贯彻习近平新时代中国特色社会主义思想”“服务保障全面深化高等教育综合改革、推进高水平大学建设中心任务”“落实基层党建工作重点任务”“加强党员队伍建设”“服务师生的保障体系建设”等五个重要方面的主要举措和工作成效，并查摆了工作中存在的主要问题，深入剖析了问题产生的原因，提出了下一步努力方向。校党委书记王凌宇，党委副书记、校长朱新远和分管、联系的,https://www.usst.edu.cn/_upload/article/images/16/09/1321692e48a69885077ba0347ced/e71e9f3a-5a7d-476d-8a2b-67813b2be028.jpg
2024.12.20,以卓越工程师培养为抓手，学校着力探索科教融汇、产教融合新路径,​上海市卓越工程师培养联合体成立仪式于近日举行，在上海市教育委员会主任周亚明的见证下，同济大学、复旦大学、上海交通大学、华东师范大学、华东理工大学、东华大学、上海大学、上海理工大学、上海工程技术大学和上海电机学院共同成为首批成员。10所高校将携手推动学科资源共享和协同创新，开展卓越工程师培养产教联合行动，促进上海市域高校与一流企业深入融合，建立更加广泛的协作网络。,https://www.usst.edu.cn/_upload/article/images/f2/ad/f87de48f4e04bf000ebf631323ea/e0a73b90-1360-4658-921c-6da8b4a90fa1.jpg
2024.12.20,学校召开科学技术协会委员会全体会议,"12月17日上午，学校在图文信息中心第一会议室召开上海理工大学科学技术协会第一届委员会全体会议。学校科协全体委员出席会议。会议由校长朱新远主持。

首先，校科协秘书长刘宝林宣读上海理工大学科学技术协会第一届委员会委员增补调整名单，并作“上海理工大学科学技术协会情况介绍”的汇报。委员们围绕报告，对弘扬科学家精神、开展科普活动等聚焦学校科协未来发展的话题展开热烈讨论。",https://www.usst.edu.cn/_upload/article/images/fc/01/012fc89946178235bf1939ff8ec9/e1cd9649-b869-4294-b99c-be4e425d37c6.jpg
2024.12.19,长三角10所高校齐聚上理工 共同演绎新时代的青春之歌 ,“树扎根了，人心就会定，人走了，树还在，证明你守过边防，无愧于国家。”“从列车的牵引电机到网络控制系统，我们实现了从‘跟跑’到‘并跑’，甚至在某些领域实现了‘领跑’。”12月19日，来自“沪、苏、浙、皖”十所高校的优秀师生齐聚上海理工大学，共同参与第四届长三角地区高校“新时代·中国说”大学生讲师邀请赛。邀请赛现场本次邀请赛由中共上海市教育卫生工作委员会、上海市教育委员会指导，上海理工大学、东华大学、上海大学、上海对外经贸大学、上海工程技术大学、南京工业大学、江苏大学、浙江工业大学、安徽工业大学、安徽理工大学主办，易班网协办。大赛以“青春筑梦 勇建新功”为主题，旨在通过大学生的视角挖掘专业的历史、现在与未来，讲述专业发展中的动人故事与使命担当，激励他们将专业知识学习与社会进步、国家发展结合起来，将来为中国式现代化贡献力量。本次比赛邀请到复旦大学马克思主义学院院长李冉教授、研工部长陈洁老师，同济大学马克思主义学院李占才教授，上海体育大学马克思主义学院院长胡德平教授，光明日报上海记者站站长、高级记者颜维琦，解放日报城事频道总监、高级记者王仁维，文汇报文教部主任樊丽萍，易班网总经理郭致彦担任评,https://www.usst.edu.cn/_upload/article/images/06/94/8805d0fb47e9b935fb1a2c90f13e/d03c03ec-b251-471a-a145-477151bf59ea.jpg
2024.12.18,上海理工大学光化学与光材料研究院专家咨询委员会暨学术委员会成立会议召开,12月16日下午，上海理工大学光化学与光材料研究院专家咨询委员会暨学术委员会（以下简称委员会）成立会议在上海市科学会堂召开。上海理工大学校长朱新远，藤岛昭院士、刘忠范院士、庄松林院士、邹志刚院士及上海市经济体制改革研究会会长周强、东南大学器官芯片研究院院长顾忠泽、上海华谊集团副总裁陈大胜、上海能建集团总经理董泽龙、同济大学管理学院副院长钟宁桦等专家，团队相关人员参加会议。会议先后由光化学与光材料研究院执行院长马梅和委员会主任委员周强主持。会议现场会上，上海理工大学校长朱新远致辞并表示，藤岛昭院士是世界著名科学家，为中国的科学发展做出了巨大贡献。藤岛昭院士团队致力于基础研究与技术应用的结合，非常有意义。上海理工大学将全力支持藤岛昭院士团队的发展，力争将研究院建设成国际领先的科研机构，推动技术与市场的结合，成为国际研发的典范。委员会成员涵盖多个领域，包括化学、材料、光电、环境资源、能源、医学、产业经济等，既有多位杰出科学家，也有工程技术、行业管理和产业经济专家。相信这样多学科交叉的委员会将为研究院实现工作目标提供有力支撑。会议讨论通过了委员会章程。藤岛昭院士就光催化理论与技术应用进行了介绍,https://www.usst.edu.cn/_upload/article/images/66/60/d91c426544fea94c8caa59c2a860/883fe558-6937-43b6-b780-d99e055047d6.png
2024.12.18,校长朱新远一行赴上海精智实业股份有限公司交流合作新机制,12月17日下午，校长朱新远，党委副书记、副校长刘德强带队赴校友企业上海精智实业股份有限公司调研交流。党委（校长）办公室、科技发展研究院、信息化办公室、校友联络处等部门负责人陪同参加。上海精智集团公司董事长、杰出校友魏杰，总经理汪伟，总监周杰文全程陪同学校一行参观了上海精智的智能制造展厅和算力中心。,https://www.usst.edu.cn/_upload/article/images/30/02/0c43f15e4d92b53d224620502abd/8e61a260-1a7d-4d24-8e99-0cc04037fa4c.jpg
2024.12.16,中国共产主义青年团上海理工大学第十五次代表大会召开,12月15日，中国共产主义青年团上海理工大学第十五次代表大会在大礼堂二楼礼堂召开。本次大会是在全面贯彻落实党的二十大精神和二十届二中、三中全会精神，在学校喜迎第九次党代会召开、并将迎来“双甲子”校庆的关键时期，召开的一次青春盛会，大会动员引领广大团员青年以更加饱满的热情、更加昂扬的斗志、更加强烈的担当，为实现中华民族伟大复兴的中国梦、为加快建设特色显著的一流理工科大学贡献青春力量。,https://www.usst.edu.cn/_upload/article/images/f3/62/a8e20cf84128820f2f44b2e0a863/1f32a8e1-92c6-4274-b1a6-652815382f3f.jpg
2024.12.13,学校召开首期“与理工共成长——书记有约”学生座谈会,"12月12日下午，首期“与理工共成长——书记有约”学生座谈会在勤业楼207会议室举行。校党委书记王凌宇，党委副书记、副校长刘德强，副校长张众，相关职能部门负责人和各学院毕业生代表面对面交流。座谈会由学生处处长何炉进主持。

前期学校通过WeLink面向本研毕业生发布问卷征集学生提案，共收集247份问卷，汇总整理提案80余份，本次座谈会邀请到其中16位本研毕业生代表出席,其他提案学校将反馈相关部门进行答复。",https://www.usst.edu.cn/_upload/article/images/1d/65/54fd8b4048dca592b2d5761326ba/3cb689d2-d908-4779-8e8e-af5a5f343a24.jpg
2024.12.13,学校召开2024年统一战线工作领导小组会议,12月13日上午，学校2024年统一战线工作领导小组会议在勤业楼601会议室召开，校党委书记王凌宇、党委副书记贺莉出席会议，学校统一战线工作领导小组全体成员参加会议。会议由王凌宇主持。,https://www.usst.edu.cn/_upload/article/images/47/f2/e6c104004e409f347f802fda41b5/2f3b8c99-8962-4388-83db-94549e1479fd.jpg
2024.12.12,中德国际学院联合管理委员会召开第十一次会议,12月10日下午，中德国际学院联合管理委员会召开第十一次会议。上海理工大学校长、中德国际学院新任联合管理委员会主席朱新远，副校长兼中德国际学院院长蔡永莲，副校长张华，教务处、国际交流处、财务处、中德国际学院、光电学院及机械学院负责人和项目负责人参加会议。德国汉堡应用技术大学德方项目负责人胡特教授（Michael Röther）、富特旺根应用技术大学德方项目负责人郝赫教授（Markus Hoch）、科堡应用技术与艺术大学德方项目负责人瓦克教授（Jasmin Walk）、东巴伐利亚雷根斯堡应用科技大学德方项目负责人席莱内尔（Rupert Schreiner）教授以及上海理工大学中德国际学院特聘德语语言文化教授Marcus Hernig视频参会。会议由朱新远主持。,https://www.usst.edu.cn/_upload/article/images/22/9f/7d6d593b4d0cb15e64017947af87/ad054199-6f9c-4d8d-b50d-f289c7a28f2c.jpg
2024.12.09,学校体育健身中心正式启用,12月6日上海理工大学体育健身中心启用仪式在体育健身中心二楼举行。上海市大学生体育协会会长薛明扬，市教委体卫艺科处处长陈华，市教委体卫艺科处副处长时多，上海市大学生体育协会副秘书长任科来，杨浦区体育局局长汤佳云，世界水球冠军、国家体育一级奖章获得者张潀，上海理工大学党委书记王凌宇，上海市各高校体育部主任以及学校相关职能部处负责人、体育运动委员会委员、师生代表等齐聚一堂。启动仪式由副校长张华主持。全新的北区操场及体育健身中心启动仪式现场王凌宇致开幕辞王凌宇致开幕辞，他指出上海理工大学在推进高水平大学建设过程中，坚持以服务学生全面发展为目标，不断深化体育教育教学改革，推进“五育并举”与“三全育人”有机融合，引导学生在体育锻炼中享受乐趣、增强体质、健全人格、锤炼意志。近年来，学校持续加大体育基础设施建设力度，在市教委的大力支持下，经过四年多的共同努力，学校体育健身中心终于在全校师生的期盼下，从蓝图顺利落地并投入启用。体育健身中心正式投入使用，不仅为师生日常体育锻炼提供了重要场所，更提供了一个展示自我、超越自我的舞台，同时还承载着高校对社会的责任与担当，学校将积极响应国家全民健身的号召，加强与,https://www.usst.edu.cn/_upload/article/images/f3/aa/875e5c3e4e9ab4b311847c1b9d6e/9ca89902-1c4c-44a3-8111-5a0a398b9a36.jpg
2024.12.09,中英国际学院召开2024年联合管理委员会第二次会议,12月6日下午，中英国际学院2024年联合管理委员会第二次会议在复兴路校区举行。校长、中英国际学院联合管理委员会主任朱新远，副校长、中英国际学院院长蔡永莲等中方管委会成员，哈德斯菲尔德大学校长兼首席执行官罗伯特·安东尼·克莱恩（Robert Anthony Cryan），斯图尔特·史密斯（Stuart Smith）等英方管委会成员出席会议。中英国际学院执行院长鲁伯特·沃德（Rupert Ward）、学院班子成员列席会议。会议由朱新远主持。会议现场朱新远对英国合作大学和英国北方大学联合会为关心和支持学校合作办学事业所作出的努力和贡献表示感谢。他指出，自今年7月26日召开联合管理委员会以来，中英国际学院各项工作稳步推进，取得了长足发展。今年学院改革了计划外自主招生政策，生源结构不断优化，生源质量持续提升。学校高度重视中英国际学院事业发展，大力推进学院基础设施建设，进一步改善学生学习生活环境，助力学生全面发展。学院积极“引进来”拓宽合作渠道，在合作办学、联合培养、质量保障、国际认证、教师互访、学生互换、双创教育、国际暑期夏校等方面与合作伙伴高校开展合作与交流，为进一步深化合作关系奠定了基础；,https://www.usst.edu.cn/_upload/article/images/7c/4f/6d9e57d24a3c89e39d60b9a77e30/a4d076e4-db31-4157-b826-a57331fbf5c8.jpg
2024.12.07,我校与复旦大学、同济大学签署共建三校科创联盟,12月3日，2024首届复旦科技创新投资大会在复旦大学相辉堂举行。上海市副市长解冬，复旦大学党委书记裘新，复旦大学校长金力，上海市人民政府副秘书长王平，上海市教育委员会主任周亚明，复旦大学常务副校长许征，上海市经信委副主任张宏韬，上海市委金融办副主任林文杰，上海市科委二级巡视员陈宏凯等领导参加。解冬，裘新，上海国有资本投资有限公司党委书记、董事长袁国华，中国投资协会副会长、股权和创业投资专委会会长沈志群致辞。我校张众副校长应邀参加会议。复旦科技创新投资大会以“构建顶尖科创投资生态体系，推动科技成果高质量产业化”为主题，旨在聚焦科技创新与投资融合的新模式、新路径，搭建一个政府、企业、投资机构、高校及科研机构等多方参与的高端交流平台，秉承“开放、协同、合作”的理念，构建顶尖科创投资生态体系，引导资本流向科技创新领域，投小、投早、投硬科技，形成科技创新与产业升级相互促进的良性循环，实现难题共答、平台共建、资源共聚、风险共担、成果共享，推动科技成果高质量产业化。我校与复旦、同济同处杨浦，多年来，积极融入杨浦区大学校区、科技园区、公共社区“三区联动”规划。杨浦区也积极利用高校资源优势，疏通创新源,https://www.usst.edu.cn/_upload/article/images/2e/6e/f16474fd4fdbb9a38efb99b02e24/ac3bd1f8-9c81-4875-a745-5dbe25f987aa.jpg
2024.12.06,党委常委会专题学习习近平总书记重要讲话精神和教育强国建设规划纲要,12月5日，党委常委会举行专题学习会，深入学习习近平总书记在省部级主要领导干部学习贯彻党的二十届三中全会精神专题研讨班开班式上的重要讲话精神、在全国教育大会上的重要讲话精神和《教育强国建设规划纲要（2024—2035年）》。党委书记王凌宇主持学习会。会上，党委书记王凌宇、校长朱新远分别领学习近平总书记重要讲话精神和相关会议、文件精神。副校长张华、副校长岳海洋、人事处处长甘屹、学生处处长何炉进分别做了专题发言，规划处处长宇振盛做了书面交流。全体校领导班子成员结合相关工作做了交流发言。大家围绕高素质人才自主培养改革、新时代立德树人工程实施、有组织科研、高水平对外开放、大后勤大保障水平提升、大学内部治理改革等方面交流心得体会和贯彻落实举措。大家一致认为，习近平总书记的重要讲话精神内涵丰富、指向明确，具有深刻的认识论、方法论、实践论意义，对进一步深化学校综合改革具有重要指导意义，要不断增强责任感、使命感、紧迫感，深化改革创新，不断提升学校服务国家和上海重大需求的支撑力和贡献力。校长朱新远在发言中指出，习近平总书记在全国教育大会上的重要讲话精神为我们加快建设特色显著的一流理工科大学指明了方向、提,https://www.usst.edu.cn/_upload/article/images/96/13/88332d00496185ffa40c1fd1f8af/71be6471-77eb-4e84-bace-1416bbcabad2.jpg
2024.12.06,能动学院举行鹍学英才奖励基金捐赠暨第一届鹍学英才奖学金颁奖典礼,奋进沪江园，薪火铸辉煌。12月5日上午，能动学院在学校大礼堂贵宾厅隆重举行鹍学英才奖励基金捐赠暨第一届鹍学英才奖学金颁奖典礼。上海理工大学校长朱新远，能源材料科学研究院院长窦世学院士，能源材料科学研究院首席科学家刘化鹍院士，研究生院院长崔国民，党委（行政）办公室副主任何建佳，校友工作联络处副处长司徒唯尔，能源与动力工程学院、能源材料科学研究院主要负责同志，获奖学生及师生代表出席颁奖典礼。颁奖典礼由能源与动力工程学院党委书记谢金平主持。,https://www.usst.edu.cn/_upload/article/images/f5/f6/5198858742e6839c6e2241134ebf/d410cd21-d38f-4617-abd7-4275c5005696.jpg
2024.12.05,我校项目获中国机械工业科技进步一等奖,12月3日，2024装备制造业发展大会在重庆开幕。此次大会由中国机械工业联合会主办，我校党委书记王凌宇、光电学院张大伟教授、杨海马教授等应邀出席，与来自政府、行业协会、国际组织、行业上下游企业、大专院校、研究院所、金融机构的代表相聚一堂，共同探讨装备制造业的发展与未来。大会公布了2024年度机械工业科学技术奖授奖项目，并隆重举行颁奖仪式。本年度中国机械工业联合会表彰奖励项目共430项，我校共计5项成果获奖，光电学院“调制光场三维高精度在线测量技术及应用”项目喜获中国机械工业科技进步一等奖。,https://www.usst.edu.cn/_upload/article/images/2a/fa/1a12e7e247ee8d595825938fb45b/27b3cd50-7463-44e8-8e27-7566de0ed4ac.jpg
2024.12.02,2024年食品生物技术与精准营养国际会议暨沪江国际青年学者论坛在我校召开,11月30日，2024年食品生物技术与精准营养国际会议暨沪江国际青年学者论坛（食品科学与工程专场）在我校召开。来自加拿大阿尔伯特大学、英国利兹大学、香港理工大学、香港浸会大学、中国农业科学院、中国科学院、上海交通大学、江南大学、浙江省农业科学院、广东省农业科学院、江苏省农业科学院、内蒙古农业大学、陕西科技大学、东北农业大学、南京财经大学、中南民族大学、江苏大学等国内外知名专家学者与我校师生300余人出席会议。我校党委书记王凌宇、中国食品科学技术学会常务副理事长邵薇为大会致辞。学校人事处、科研院、健康科学与工程学院相关负责人参加会议。开幕式由健康科学与工程学院艾连中教授主持。,https://www.usst.edu.cn/_upload/article/images/86/f3/e2110ef34c74bfa76e8d0fdb4c88/84277ddb-b458-47c0-a8ee-7cdbae70c8f6.png
2024.12.02,树立深化综改风向标  学校召开思政委员会全体会议,11月29日下午，学校思想政治工作委员会全体会议在图文信息中心第一会议室召开。全体在校校领导，有关职能部门负责人、各二级学院党政负责人出席会议。会议由党委副书记、副校长刘德强主持。会议听取了党政办《关于加强新时代校风建设的意见》、教工部《关于进一步加强教风建设的实施方案》、学工部（处）《关于进一步加强学风建设的实施意见》等3个文件的制订情况以及教务处关于“大思政课”的建设情况。随后与会委员进行了交流互动。与会校领导围绕校风、教风、学风三个文件以及学校“大思政课”建设提出了针对性指导建议。                                            党委书记王凌宇作总结讲话。他旗帜鲜明地提出，优良的校风、教风、学风和干部作风是学校深化教育综合改革的价值引领“风向标”，有助于我们获得更好的动力资源、树立更好的整体形象。我们加强学风建设不是要“得罪”学生，加强教风建设不是要“整”老师，而是为了教师和学生更好地找到“教”与“学”的价值所在，以立足长远的价值引领超越注重短期的利益驱动，更好地提升师生在工作和学习中的感受。要在教师中逐步形成“以有资格上讲台为最大荣耀”的风,https://www.usst.edu.cn/_upload/article/images/79/61/2ebc30d04e6ab785de815c209f77/28bbca14-0661-4e0e-80bb-f39b18a51d0b.jpg
2024.12.01,校长朱新远带队赴九江市调研,为进一步贯彻落实上海市教育委员会和江西省教育厅共同推动的沪赣教育合作，11月27日至28日，校长朱新远、校党委常委盛春带队赴九江市开展调研交流。党委（行政）办公室、研究生院、先进技术研究院等部门负责人陪同调研。,https://www.usst.edu.cn/_upload/article/images/f5/f4/377ac7c541de9378a4274926db4a/cb4b3f29-ad97-47e5-888c-d0a540b59bdb.png
2024.11.28,学校举办第四届人文通识教育•美育论坛,11月27日，以“璀璨文化与新兴技术 共绘文化产业新蓝图”为主题的上海理工大学第四届人文通识教育•美育论坛在学校音乐堂召开。上海市文史研究馆馆长汪胜洋，上海社会科学院党委委员、副院长、研究员干春晖，上海市社会科学界联合会专职副主席任小文，国家一级导演、中国电影家协会电影数字技术工作委员会会长江海洋，文艺评论家毛时安等文化艺术界和社科界专家学者出席论坛并致辞或作主旨发言，上海理工大学副校长蔡永莲，校美育中心主任、沪江学院党总支书记、常务副院长陈红，美育中心副主任、沪江学院副院长朱慧锋，副院长梁昱，上海社会科学院文学研究所专家代表以及学校相关职能部门、学院教师代表出席论坛。上海理工大学党委书记王凌宇在论坛开始前会见了与会嘉宾。蔡永莲、干春晖、任小文分别致辞。蔡永莲表示，作为一所具有深厚文化底蕴和鲜明理工科特色的高等学府，上海理工大学通过科艺融合的教育方式有效提升学生的综合素质和创新能力。干春晖认为，本次论坛聚焦美学未来，通过跨学科领域的对话交流，深入挖掘美学在文化传承与创新中的独特价值。任小文在致辞中表示将进一步加强与上海理工大学的合作，特别是在美育领域，共同探索美育创新路径，推动美育事业,https://www.usst.edu.cn/_upload/article/images/0f/7e/8c8961bd4cd39e512588a964d1ff/07901386-df01-4f5c-8207-85ac747d915b.jpg
2024.11.27,2024第二届能源材料科学沪江国际研讨会暨“才华横溢”青年科学家论坛在上海举办,11月22日上午，第二届能源材料科学沪江国际研讨会暨“才华横溢”青年科学家论坛在上海开幕。本次会议由上海理工大学能源材料科学研究院、能源与动力工程学院以及材料与化学学院联合协办。大会由能研院副院长吴超、材化学院院长李贵生和储能科学与工程研究所所长武卫东共同担任主席，特邀能研院院长窦世学院士与首席科学家刘化鹍院士担任大会顾问。本次研讨会汇聚了来自全球的70位顶尖专家和青年科学家，围绕新能源材料领域的核心科学问题与前沿技术展开深度交流与探讨，旨在拓展学术视野，深化对能源材料领域新机遇、新挑战及未来发展方向的战略洞察。会议日程涵盖11月21日至23日。会议开幕式由能动学院党委书记谢金平主持。谢金平主持在开幕致辞中，窦世学院士简要介绍了上海理工大学及能源材料科学研究院的发展历程与科研成果，强调绿色能源的发展是应对全球能源挑战、推动可持续发展的关键路径。他指出青年是国家未来发展的核心力量，希望青年人勇于创新，肩负起推动能源科技进步的重要使命。窦世学院士致开幕词校长朱新远在致辞中首先热烈欢迎并感谢国内外专家学者齐聚上海，共同探讨绿色能源这一关乎全球可持续发展的重大议题。他指出，绿色能源转型是应对气,https://www.usst.edu.cn/_upload/article/images/e0/49/76f0b0df4416877fb57a3e3389da/e264e456-4bad-4389-a732-9ffe9e789554.jpg
2024.11.27,我校教师首次当选国际体育组织重要负责人,11月23日至25日，亚洲大洋洲软式曲棍球联合会（Asia Oceania Floorball Confederation，AOFC）年度大会在泰国曼谷召开。在此次大会上，我校体育教学部教师袁勇全票当选该联合会副主席。这是我校教师首次担任国际体育组织重要负责人，不仅是我校体育事业发展的重大突破，也是我国软式曲棍球项目发展的重要里程碑。本次大会上，来自亚洲及大洋洲近20个国家和地区的代表齐聚一堂，共同讨论软式曲棍球的发展战略。作为中国代表，袁勇老师凭借其在软式曲棍球领域的突出贡献、深厚的教学与实践经验，以及对推广和发展该项目的长期投入与成就，获得与会成员的认可。近年来，上海理工大学在学校体育改革和多元化运动项目推广方面取得了显著成绩，逐步在新兴体育领域崭露头角。学校在软式曲棍球、腰旗橄榄球、健身健美、棋牌等项目中取得了突出成绩，并通过积极引入国际化体育项目、优化课程体系、搭建多层次竞赛平台以及与社区和区域体育的深度融合，形成了富有特色的校园体育文化。这一系列创新举措不仅丰富了师生的课外生活，也为学生的全面发展提供了更广阔的空间。在推动学生健康发展和增强体育综合素养方面，上海理工大学发挥了,https://www.usst.edu.cn/_upload/article/images/f9/7b/c55f69ec4733b2a82847df67b9f6/ac3a034e-3ecb-4b3e-9908-c954142d08dd.png
2024.11.27,学校召开党务工作例会,11月26日上午，学校在行政楼212会议室召开党务工作例会。党委书记王凌宇主持会议，党委副书记贺莉，党委副书记、纪委书记赵宁，党委副书记、版专党委书记朱坚民，党委副书记、副校长刘德强出席会议。各党群部门、二级党组织书记负责人参加会议。会上，党政办通报了巡视整改工作情况，组织部布置了党代会筹备和基层党建等工作情况，宣传部通报了意识形态阵地管理等有关工作。校领导贺莉、赵宁对近期有关重点工作进行部署，并提出有关工作要求。王凌宇在总结讲话中指出，基层党组织是党在高校全部工作和战斗力的基础，各级党组织要持续加强党建引领，积极探索新时代加强和改进党建工作的新思路、新措施，以高质量党建赋能学校事业快速发展。围绕近期重点工作，要高标准、严要求做好党代会各项筹备工作，确保党代会高质量召开；要强化统筹协调、整体推进，以巡视整改为契机，持续推动学校全面从严治党向纵深发展；要以提升二级党组织执行力和基层党支部战斗力为重点，不断增强党组织政治功能和组织功能；要以意识形态安全为重点，全力抓好校园安全和稳定。他强调，一是进一步统一思想、汇聚力量，把握正确的政治方向。各级党组织书记要保持战略定力，把稳舵、扬好帆、划动,https://www.usst.edu.cn/_upload/article/images/32/93/87e7d8334cffa64f6bd2ad78d6d0/d6b39684-e965-49c1-bd88-4add0a06ba3d.jpg
2024.11.27,学校举行第六届“新时代•中国说”大学生讲师赛,11月26日下午，“青春筑梦勇建新功”——第六届“新时代•中国说”大学生讲师赛决赛在上海理工大学大礼堂隆重举行。上海理工大学校党委副书记、副校长刘德强应邀出席，上海市学生德育发展中心副主任杨智勇，上海工程技术大学学生工作部（处）长、研究生工作部部长吕宁，上海体育大学学生工作部部长王丽娜，上海对外经贸大学研究生工作部副部长张晴睛及学校相关职能部门及学院领导担任专家评委。活动现场“新时代·中国说”是上海理工大学连续六年精心培育的课程思政品牌项目，大赛旨在培养学生秉持专业素养，于新时代新征程中主动将自身所学专业知识与社会进步、国家战略紧密融合，鼓励莘莘学子为中国式现代化建设贡献力量，彰显青年学生的责任与担当。今年“中国说”迭代升级，自7月启动后所有参赛团队利用暑期开展百企走访调研，产业前沿需求高度融入专业思政，让宣讲更生动、更接地气、更冒热气。每个团队都有大一学生共同参赛，进一步强化了低年级学生的专业认知教育，并在辅导员、专业课教师、思政课教师、班主任、党务工作者5类教师中选择3位不同类别教师组成指导教师团队，进一步深化三全育人工作内涵。来自各学院推选的15支团队经过激烈角逐，最终6支队伍成,https://www.usst.edu.cn/_upload/article/images/48/87/e8efa55e4afaa64c1adfc7e15ddc/56972c4e-7ca8-4434-aa6a-eb4e57c528b7.jpg
2024.11.26,位列第47位！我校5人次入选2024年全球“高被引科学家”,近日，科睿唯安2024年度“全球高被引科学家”名单公布，共有来自全球59个国家和地区1200多个机构的6636名科学家入选，我校共5人次入选。智能科技学院顾敏院士团队入选1人次：顾敏院士入选的学科领域为交叉学科。能源材料科学研究院窦世学院士团队入选4人次：窦世学院士入选的学科领域为化学和材料科学学科，刘化鹍院士入选的学科领域为材料科学学科，Bao Qiaoliang入选的学科领域为交叉学科。学校入选人次在中国内地高校中位列第47位。,https://www.usst.edu.cn/_upload/article/images/de/f2/ced8f3f746e4a6c5fc7e5dd219b5/f37a0e29-02a5-42a8-8e72-15e1db1ecc76.jpg
2024.11.26,德国汉堡应用技术大学来访,11月25日上午，德国汉堡应用技术大学校长洛伦茨（Ute Lohrentz）率团来访，上海理工大学校长朱新远在勤业楼212会议室会见来宾。我校国际交流处、本科生院（教务处）、中德国际学院等相关职能部门和学院负责人参会，会议由副校长蔡永莲主持。朱新远代表学校欢迎汉堡应用技术大学洛伦茨校长一行来访。他指出，作为上海和汉堡友好城市的重要项目之一，上海理工大学与汉堡应用技术大学的师生交流已有近40年历史。去年，上海-汉堡国际工程学院举办建院25周年活动，现又签署两校新一轮合作办学协议。在这样一个新的合作阶段，学校将进一步坚定全球化的发展战略，继续以开放的姿态为中德双方学生提供更优质的资源，不断培养学生的国际化视野和跨文化理解能力，希望两校合作能使更多学生受益，欢迎汉堡应用技术大学的师生来我校交流学习。洛伦茨感谢学校的热情接待。她表示，25年以来，上海理工大学和汉堡应用技术大学在相互尊重、信任以及共同追求高质量教育的基础上开展了成功且有效的合作，培养了大批优秀学生，并在汉堡和上海之间架起了一座专业和人文领域沟通交流的桥梁。新合作办学协议的签署，既为双方伙伴关系的可持续及未来发展确定了方向，也为双,https://www.usst.edu.cn/_upload/article/images/43/4f/7cd504764ff29e11f33eb1a1b536/85db4c95-6d9b-483a-a5a4-b240b95e38d1.jpg
2024.11.25,2024年神经形态光子学国际会议在上海举行,"11月23日上午，2024年神经形态光子学国际会议（International Conference on Neuromorphic Photonics 2024，ICNP 2024）在上海开幕。此次会议会期为11月23日-24日，由上海理工大学智能科技学院和光子芯片研究院联合主办，张江实验室协办。会议由中国工程院外籍院士、上海理工大学光子芯片研究院院长顾敏，中国科学院院士、东南大学教授崔铁军，意大利特伦托大学教授Lorenzo Pavesi共同担任大会主席。来自德国、英国、意大利、澳大利亚、日本等全球11个国家的300多位重量级专家学者齐聚一堂，共同分享和探讨神经形态光子学领域最前沿的学术成果和未来发展方向。大会开幕式由崔铁军主持, 顾敏院士、上海理工大学党委书记王凌宇、上海市教委科研处处长范仁华和张江实验室李儒新院士分别致辞。顾敏在开幕辞中指出，人工智能及大数据技术正以前所未有的速度改变着我们的生活和工作方式，作为光学人工智能重要研究领域的神经形态光子学，将为新一代人工智能技术提供更加快捷、更加绿色的解决方案。他呼吁国际同仁加强合作，携手解决神经形态光子学领域的难题，共同推动神经形",https://www.usst.edu.cn/_upload/article/images/77/08/992f493b40b192212c0514a6f6ce/69f6f561-826e-464f-a7c5-9bff87c2ede3.jpg
2024.11.22,学校召开干部会议宣布领导班子调整决定,11月22日下午，上海理工大学召开学校领导班子调整宣布会议，宣布中共上海市委关于上海理工大学领导班子调整的决定：贺莉同志任上海理工大学党委副书记，刘德强同志任上海理工大学党委副书记、副校长。因换届工作需要，孙跃东同志不再担任上海理工大学党委副书记，盛春同志不再担任上海理工大学党委副书记、副校长职务。会议由上海理工大学党委书记王凌宇主持，市委组织部宣教科技干部处副处长张持宣读了有关干部任免决定。党委书记王凌宇，党委副书记、校长朱新远代表学校党政领导班子发言，贺莉、刘德强、孙跃东、盛春分别作表态发言。市教卫工作党委一级巡视员郑锦讲话，对调整后的学校领导班子提出三点希望：一是提高政治站位，坚持和加强党对教育事业的全面领导。二是抓实巡视整改，推动学校全面从严治党向纵深发展。三是深化高等教育综合改革，不断提升高等教育对高质量发展的支撑力和贡献力。市委组织部宣教科技干部处、市教卫工作党委组织干部处相关负责同志，学校领导班子成员和综合部门负责同志参加会议。供稿：党办、党委组织部,https://www.usst.edu.cn/_upload/article/images/1f/34/c7f3923242ab80eab193abf29350/a5398136-7738-4a19-97f9-28f9dc9024c1.jpg
2024.11.22,党校新提任中层干部培训班举办学员论坛,11月21日，党校新提任中层干部培训班举办学员论坛，论坛主题围绕“推进教育综合改革试点工作的建议对策”开展。党委书记王凌宇出席论坛并讲话，论坛由党委副书记孙跃东主持。党委常委、组织部部长孙红，党校教务长任惠兰，新提任中层干部培训班全体学员参加论坛。全体学员紧密围绕推进教育综合改革试点建设工作，结合自身工作实际，从人才培养、学科设置、人才引进、师资队伍建设、国际化办学、校院两级治理等多个方面交流发言。大家一致认为，学校的发展应紧跟产业升级、技术创新和行业需求的步伐，动态调整专业设置与课程内容，确保人才培养与社会需求紧密对接。同时，应紧密结合党的二十届三中全会精神和全国教育大会精神，落实习近平总书记对上海建设的重要指示精神，深化产教融合、科教融汇，促进教育链与产业链等有效衔接，为经济社会发展注入强劲动力，为上海乃至全国的教育事业贡献力量。此次论坛为学校推进教育综合改革试点建设提供了宝贵思路与有效举措。王凌宇在讲话中对全体学员的发言给予了充分肯定，认为大家提出的建议和对策具有很强的针对性。他强调了教育综合改革试点建设的重要性和紧迫性，并结合当前教育综合改革工作推进的形势和任务，向新提任中层干,https://www.usst.edu.cn/_upload/article/images/ae/e2/487a9d2347089c6fa5bb6165edb4/4b5555e7-7676-4e8c-bc33-8a521a3ee2c5.jpg
2024.11.21,【新闻特写】解锁危害识别码  织密舌尖“安检网”,食品安全关乎国计民生。近年来，食品中含有农兽药残留、重金属污染、非法添加等化学危害物的问题，时刻牵动着社会公众的敏感神经。而精准识别并检测这些危害物，阻挡问题食品流入市场，日益成为行业学界关注的焦点。在此背景下，上海理工大学健康科学与工程学院徐斐教授团队针对食品中化学危害物精准、快速检测的技术瓶颈，以检测识别材料的精准设计为突破口，创建从分子模拟到材料精准设计的方法路线体系，研发色谱前处理高效筛选、色谱柱吸附预测、新型水相速测前处理以及一体化探针检测等核心技术，研制系列固相萃取柱、色谱柱和速测产品及仪器，并形成“食品中化学危害物的识别材料精准设计及检测关键技术”。日前，该成果获得了2023年度上海市技术发明奖一等奖。徐斐领衔的“食品质量安全检测技术”导学团队合影创新材料，驱动色谱技术和速测技术双革新，引领食品安全检测新纪元识别材料是食品化学危害物检测的核心，但由于材料与危害靶标分子结合机制不明，传统识别材料的获得一般依赖于大量实验试错，导致色谱材料长期依赖进口，速测材料更新缓慢，在实际应用中性能不稳定，容易受到食品复杂基质的影响。将材料设计的模拟周期缩短至原有的五分之一、速测材料特异性,https://www.usst.edu.cn/_upload/article/images/8d/f6/796c868f449185c037e5dac5ca33/3db03be9-835e-41ca-b430-2322f4109dad.jpg
2024.11.20,上海理工大学举办“数字时代出版专博培养模式”研讨会,2024年出版学科专业共建工作交流会近期在北京召开，上海理工大学党委副书记、校长朱新远，副校长张众参会。会议强调，要深入学习贯彻习近平文化思想和习近平总书记关于教育的重要论述，贯彻党的二十届三中全会聚焦建设文化强国、教育强国作出的重大部署，围绕新时代出版工作使命任务，锚定建设一流学科目标，进一步抓好《关于推进出版学科专业共建工作的实施意见》贯彻落实，不断推动出版学科专业建设和共建工作展现新气象新作为。11月19日下午两点，在共建工作交流会期间，上海理工大学在中国人民大学明德新闻楼310演播厅举办学科跨界·能力导向·协同育人“数字时代出版专博培养模式”研讨会。本次研讨会由中共上海市委宣传部指导，上海理工大学承办，上海世纪出版集团上海教育出版社、上海报业集团澎湃新闻协办，研讨会旨在搭建思想交流平台，共同探讨数字时代下出版专业博士学位培养模式的创新与实践路径。会议现场原国家新闻出版总署党组书记、署长、十二届全国人大教科文卫委员会主任委员柳斌杰，中共上海市委宣传部出版处处长毛小曼，广东财经大学党委副书记罗贤甲，二十余所高校的专家、学者，以及十余家出版领域的领军企业代表出席本次研讨会。会议开幕式,https://www.usst.edu.cn/_upload/article/images/d6/03/02810bf741e5b8421d42809e58b6/113c9a98-73f8-4375-a198-ef4573bcddb2.jpg
2024.11.18,党委书记王凌宇率队访问奥地利和西班牙高校及科研机构,​11月10日至17日，党委书记王凌宇率团出访奥地利、西班牙，先后访问了维也纳医科大学、维也纳技术大学、西班牙国家科学院、巴塞罗纳总医院、庞培法布拉大学、加泰罗尼亚理工大学等。科技发展研究院、光电信息与计算机工程学院、材料与化学学院以及国际交流处相关负责人随团出访。,https://www.usst.edu.cn/_upload/article/images/f5/50/66563a1d46329039bc77e4cbe086/42beda78-07c0-4e2c-9e02-2157b70d128e.jpg
2024.11.18,新突破！我校学子获第十九届“挑战杯” 2024年度“揭榜挂帅”专项赛特等奖,11月15日至17日，由共青团中央、中国科协、教育部、中国社科院、全国学联联合主办的第十九届“挑战杯”全国大学生课外学术科技作品竞赛2024年度“揭榜挂帅”专项赛终审决赛在杭州市中国计量大学、浙江理工大学举行。我校“针对大型发电设备检修的微小型机器人”项目获特等奖，取得了历史性新突破。据悉，上海高校仅有上海交通大学、华东师范大学和上海理工大学获得特等奖。2024年度“揭榜挂帅”专项赛终审决赛现场团队合照据了解，“揭榜挂帅”专项赛是为进一步贯彻落实习近平总书记关于科技创新的重要指示精神，引导促进大学生面向国家重大需求，踊跃投身科研攻关第一线，加速大学生科技创新成果向现实生产力转化而设立的特别竞赛单元，以“政企发榜、竞争揭榜、开榜签约”的方式，通过“征榜—发榜—竞榜—评榜—夺榜”，由政府、企业等单位提需求出题，组委会面向高校和社会广发“英雄帖”，高校学生团队和青年科技人才团队打擂揭榜。今年“挑战杯”竞赛“揭榜挂帅”专项赛共吸引2.7万余人参加，共有6500余件参赛作品，最终来自全国410余所高校和企业的1950余件作品入围终审决赛。自发榜以来，学校高度重视和支持，备赛工作由校团委牵头组织，,https://www.usst.edu.cn/_upload/article/images/80/89/9f14e84e4d38a89f690923a54413/7463042e-635f-48e4-9284-5630338c9ba9.jpg
2024.11.18,校长朱新远赴京参加2024年出版学科专业共建工作交流会,11月18日下午，2024年出版学科专业共建工作交流会在中国人民大学召开。中宣部分管日常工作的副部长胡和平、教育部副部长熊四皓出席会议并讲话。会议指出，要深入学习贯彻习近平文化思想和习近平总书记关于教育的重要论述，贯彻党的二十届三中全会聚焦建设文化强国、教育强国作出的重大部署，围绕新时代出版工作使命任务，锚定建设一流学科目标，进一步抓好《关于推进出版学科专业共建工作的实施意见》贯彻落实，不断推动出版学科专业建设和共建工作展现新气象新作为。会议强调，要加强出版专业和学位点建设，锻造优秀出版师资队伍，强化产学研用协同贯通；要增强共建工作合力，共同推动出版学院、出版研究院建设，其中共建高校在办学经费、教育资源、硬件条件等方面要做好保障。与会同志表示，习近平文化思想和习近平总书记关于教育的重要论述，为出版学科专业建设提供了根本遵循。出版学科专业建设是出版领域一项打基础、利长远的工作，在有关地方、部门重视支持和共建高校、共建单位配合努力下，出版学科专业建设政策引导精准有力，共建的出版学院、出版研究院规模质量稳步提升，高层次人才培养推进迅速，出版专业博士学位点设置取得突破，共建成效逐步显现。校长朱,https://www.usst.edu.cn/_upload/article/images/02/4c/aa3ea2744049a9ac2e2f51c28004/dafc2749-8d3f-4d4a-87c9-b981f1fc3d46.jpg
2024.11.16,“对话信仰”大学生思政微课展演在上理工举行,一张旧粮票，背后是新中国从物质匮乏到逐步走向繁荣富强的奋斗故事……一间小书房，背后是践行教育家精神，“化理论为方法，化理论为德性”的奉献故事……一首《义勇军进行曲》，背后是中华儿女拯救民族危亡、团结御敌、奋勇抗争的壮丽故事……11月16日，在上海市教卫工作党委、上海市教委指导下，来自沪上11所高校的优秀大学生讲师团齐聚上海理工大学，同台演绎、对话信仰，以思政微课展演的方式讲述“博物馆里的红色印记”。活动现场上海理工大学党委副书记孙跃东致辞“小切口叙事”，不断探索红色文化的“全新表达方式”台上，同学们充分挖掘红色资源，以饱满的热情和精湛的演绎将一段段红色故事鲜活呈现。他们或慷慨激昂地朗诵革命诗篇，声音铿锵有力，直击人心，每字每句都像是从心底迸发出的呐喊；或深情款款地讲述英雄事迹，语调抑扬顿挫，引人入胜；或通过生动的情景剧，将革命场景再现于舞台，将革命先烈形象刻画得栩栩如生，让人仿佛置身于那段峥嵘岁月之中。上海师范大学学生讲师团讲述《伟大建党精神为何“伟大”》上海理工大学学生讲师团讲述《国歌：每个音符有故事》上海音乐学院学生讲师团讲述《百年学府红音绕，青春学子乐章扬》华东师范大学学生讲师团,https://www.usst.edu.cn/_upload/article/images/05/be/dc832a5e460c88a4a0f7b7a15571/739f0372-5aee-4d15-87fb-aa2e0300136e.jpg
2024.11.16,学校举行2024年体育文化节暨田径运动会,11月15日，我校2024年体育文化节暨田径运动会在516号校区田径场开幕。校长朱新远，党委副书记孙跃东，党委副书记、副校长盛春，党委副书记赵宁，党委副书记朱坚民，副校长蔡永莲，总会计师赵明，副校长张华，副校长栗建华，副校长张众，以及来自18个学院、附属学校的师生代表出席开幕式，开幕式由张华主持。秋风送芬芳，硕果兆辉煌。学校国旗仪仗队高擎鲜艳的五星红旗，迈着铿锵有力的步伐率先入场，伴随着激昂的运动员进行曲，各代表队方阵紧随其后。来自附属幼儿园的小朋友们率先亮相，活泼可爱是他们的代名词；沪江学院的国际方阵用舞蹈串起了世界的桥梁；管院学子以自信作盛装，共庆祖国75周年华诞；中英学子用中国结的创意编织出蓝白相间的精美图腾，托举梦想走向远方……在学校516号校区崭新的跑道上，在即将投入使用的健身中心映衬下，全校师生欢聚一堂，共享学校发展成果，唱响上理发展的乐章。朱新远致开幕辞。他指出上海理工大学作为一所具有百年历史的名校，继承了沪江大学良好的运动基因。从1917年沪上最早的体育馆，到即将落成的学校体育健身中心，从沪江大学健美会到刚刚在全国第18届中国大学生健身健美锦标赛摘得冠军的上海理工大学健,https://www.usst.edu.cn/_upload/article/images/2b/1f/c5cf743943dc802d46d079a49be6/21a3ba3d-eff4-4105-aeba-1dfe70aad077.jpg
2024.11.14,绿化与卫生并举  学校开展校园环境专项整治行动,金秋送爽，丹桂飘香。这个秋季，暑气未退，台风接连过境，学校积极开展绿化整治与环境卫生专项整治行动，对校园环境进行全面升级，迎接学校118周年校庆，用心用情为师生提供更加舒适、健康的学习和生活环境，构建更加绿色生态的上理校园。绿化提升：用心用情，雕琢校园每一景学校积极围绕师生诉求，对校园绿化、设施进行修复与美化：相关职能部门持续关注台风后的受损绿化，接到反馈，立即修复，排除安全隐患，让风雨后的校园恢复绿意盎然；从水杉到桂花，从毛鹃到麦冬，精心设计教学楼、图书馆、行政楼、校门外等区域的绿植景观；重新规划部分宿舍楼下停车位，满足师生非机动车停放需求；多处高峰路段增设长椅、绿化带小道，分流高峰时期通行的师生，提升校园环境美观；部分小道两边的树干上还增设小松鼠挂件，为校园增添一份新意与活力。校园户外设施优化提升台风过后校园绿植修复、景观优化提升环境整治：全面清扫，提升校园卫生水平本次环境专项整治期间，学校后勤管理处联合相关部门、组织各校区物业提前制定整治计划，重点对食堂台阶、路牙、墙面、花坛、公共桌椅、井盖、楼梯以及垃圾分类点进行了高压清洗，同时对校园主干道、家属楼、凉亭、天桥等关键区域进行了全,https://www.usst.edu.cn/_upload/article/images/4f/9a/ccf87a10431c965867f3df996ce1/22ec8e92-bbb6-45a2-96c2-53a33816d497.png
2024.11.14,上海市化学化工学会一行来访,11月13日，上海市化学化工学会理事长陈耀一行来访，校长朱新远会见并座谈。党政办、科研院、研究生院、材化学院相关负责人陪同参加。陈耀对学校的热情接待表示感谢，并介绍了学会的发展历程、基本情况和重点工作。他表示，化学化工是国家重要的基础性、战略性、支柱性的学科和产业，学会紧紧围绕国家重点布局，对接上海战略发展需求，充分发挥学会在产学研方面的平台作用，不断推动行业转化升级，促进专业人才成长，希望加强与上理工的互访交流，擦出合作火花。朱新远对陈耀一行的来访表示热烈欢迎，并简要介绍了学校办学情况。他表示，作为上海市属重点高校，上理工主动对接国家和上海战略需求，以全面提高人才自主培养质量为根本，以支撑高水平科技自立自强和服务经济社会发展为两翼，全面推进新一轮教育综合改革，即将迎来新的战略发展机遇，希望通过双方的密切交流，将上理工的学科优势与学会的行业优势相结合，共同为地方经济社会发展做贡献。会上，双方在科普教育、人才培养、科技成果转化等方面进行了交流。,https://www.usst.edu.cn/_upload/article/images/2c/85/806b6948423abdd44316c1c13d65/9e8732af-5040-4584-8903-296f44701595.jpg
2024.11.11,第六届学生校长助理上岗,11月8日，上海理工大学第六届学生校长助理见面会暨授聘仪式举行。校长朱新远，党委副书记、副校长盛春，党政办负责人、指导老师等出席会议。第六届学生校长助理分组作专题调研情况汇报。在关于“金课”与“水课”的调研中，同学们发现教师的教学水平、课堂气氛、课程内容的丰富性是影响课程质量的关键因素，提出增强课程和作业的挑战性、增加实践机会、优化课程氛围、促进课程评价多元化等建议。在关于校园电瓶车管理的调研中，针对停车难、充电难等现象提出了控总量、减增量、去存量，提高智能化管理水平和政策执行力度，以及可行情况下增加充电桩等建议。同学们表示调研让他们受益匪浅，在接下来的校助工作中将勤于思考、勇于实践，积极履行职责。盛春勉励同学们要珍惜成为校助的机会，在实践中锻炼成长，履行好上行下达、下行上传、调查研究等职能，当好学生与学校沟通的桥梁。朱新远祝贺同学们成为第六届学生校长助理，他表示，学校在人才培养方面有着优良的历史传统，希望同学们通过校助工作的实践锻炼，成为国家、社会、学校的栋梁之材。学校的发展与学生紧密相连，校助从学生中来，要善于发现学生密切关注的问题，学会多角度看待学校的发展，全面提升发现、分析、解,https://www.usst.edu.cn/_upload/article/images/eb/9e/5a59278b459aa24ddb9c2831202c/505c5ecb-62eb-4cf0-ba69-52e94ba3f5c3.jpg
2024.11.09,​2024年长三角科学道德和学风建设论坛在我校举办   ,11月9日，2024年长三角科学道德和学风建设论坛在我校顺利召开，长三角地区52家高校共话科学家精神与学风建设。本次论坛以“潜心科研 矢志报国——弘扬新时代科学家精神，推动高水平科技自立自强”为主题，由上海市科学道德和学风建设宣讲教育领导小组办公室、上海市学位委员会办公室主办，上海理工大学承办，华东理工大学、上海工程技术大学、安徽理工大学协办。上海市科学技术协会副主席陈馨，上海理工大学党委副书记、副校长盛春，学校研究生院、党委研工部等相关部门负责同志及长三角52所高校、科研院所研究生培养与管理部门负责人等出席本次论坛。我校各研究生培养单位的分管领导、导师代表、辅导员以及学生代表参加本次论坛。陈馨代表上海市科协向本次活动的获奖者表示衷心祝贺。青年科技工作者是科技创新的生力军，肩负着科技发展的历史使命，她希望青年朋友要自觉弘扬科学家精神，做优良学风的实践者；青年朋友要增强历史责任感，做科技强国建设的参与者；青年朋友要以优秀科学家为榜样，做科学家精神的传承者。要让爱国、创新、求实、奉献、协同、育人的科学家精神薪火相传，争当学术优异、学风优良、品德优秀的有为青年，为上海科创中心建设、实现高水平,https://www.usst.edu.cn/_upload/article/images/f6/7c/5719d79d4346aad78bbad1109773/05ee5cae-41da-4fb1-bd42-558a4f93c6d3.jpg
2024.11.09,进博会现场    上理师生同上“行走的大思政课”,近日，正值第七届中国国际进口博览会在上海召开之际，上海理工大学组织师生把“大思政课”课堂“搬到”了国展中心。学校、学院党政领导，材料与化学学院、健康科学与工程学院等工科学院专业教师，带领本研学生到展台观摩、交流，同上一堂沉浸式实景式“大思政课”。参展商中的上理工优秀校友也现身说法，为同学们的学业规划和生涯发展指点迷津。行走的专业课：“感受到巨大的可为空间，所学有了用武之地”“这家公司的参展产品中最吸引我的是半月板全缝线缝合系统，这款产品用于半月板损伤的微创手术，具有缝合强度高等优点，支撑这些优点的功臣之一就是各种材料，如高分子材料、镍钛超弹性合金材料、固定锚材料……”材化学院李生娟老师将“材料科学基础”课堂搬到了进博会医疗器械及医药保健展区，带领本研学生共同感受生物医疗领域中材料的魅力和活力。材化学院专业教师李生娟（左一）现场讲解材化学院岳学峥老师则在展台另一侧向同学们详细介绍“增材制造3D打印在骨植入方向的应用”：“古代由于技术和材料的限制，换牙方式相对简陋，后来人们掌握了使用黄金等金属来固定假牙的技术——用金属箍或金属丝将假牙固定在相邻的牙齿上。现代口腔医学已经实现了即拔即种的种植,https://www.usst.edu.cn/_upload/article/images/4f/50/5913d465402daa1755bc98c6ca08/1ca8d0d9-bba5-49d6-a200-c8cc2e937bb8.jpg
2024.11.06,安康市人民政府代表团来访我校 ,11月5日上午，安康市人民政府代表团来访我校，在音乐堂进行了智宸——沪江医疗研究院签约仪式。安康市委副书记、市长王浩，安康市副市长周孝斌，我校党委副书记、校长朱新远，光电信息与计算机工程学院院长庄松林院士，副校长蔡永莲，上海智宸实业（集团）有限公司董事长张治年，沪江学院党总支书记、常务副院长陈红，副院长朱慧锋以及学校相关职能部门和学院负责人出席了本次合作签约仪式暨座谈会。本次座谈会由蔡永莲主持，签约仪式由沪江学院承办。三方签约会议伊始，在朱新远、王浩、周孝斌副、庄松林、蔡永莲、张治年的见证下，沪江学院陈红、安康市工业和信息化局局长张志群、上海智宸实业（集体）有限公司总经理朱雯迪作为三方代表进行了隆重的智宸——沪江医疗研究院签约仪式。朱新远讲话座谈会上，朱新远向安康市人民政府代表团介绍了学校百年历史、学科分布以及发展定位，尤其在装备制造、医疗器械和出版印刷行业领域为国家重大战略和区域经济社会发展方面做出的积极贡献。他说，党的二十届三中全会提出“教育、科技、人才是中国式现代化的基础、战略性支撑”。学校始终坚持立德树人根本任务，发扬依托行业、产学研相结合的办学传统，持续贯彻“对接行业，改造专,https://www.usst.edu.cn/_upload/article/images/77/cb/e55de89f47bca3cc163bda0b7148/30bbf49f-b1b2-4a02-81da-e4ba3cfa1318.jpg
2024.11.05,【新闻特写】纳米级“精密之尺”  丈量科技创新到市场的距离,国之大器，始于毫末。高端制造业已将产品表面性能推进到近原子尺度，尖端测量仪器对前沿科学研究及重大物理现象的发现发挥着不可估量的作用，这些测量利器中就有一把来自上理工的纳米级“精密之尺”。上海理工大学光电信息与计算机工程学院庄松林院士领衔的韩森教授团队，与苏州慧利仪器有限责任公司共建联合实验室，自主研发了“超高精度大口径绝对面形光学标准计量关键技术及仪器”，成果荣获2023年度上海市科技进步一等奖。四十年磨一尺 把精密测量精确到纳米尺度南极天文望远镜、空间引力波探测装置、纳米材料、高端精密设备……这一系列关键装备的加工制造，需要对大量光学元件的各项参数进行测量，这项工作都要依靠超高精度的测量仪器。在以往，超精密测量技术直接制约高端装备制造发展。作为国际干涉测量领域的著名学者，韩森教授在国外工作多年后毅然回国工作创业，都源于他心中的一个梦想：以毕生所学“助力中国创造”。“中国装备制造要实现突破，首先要解决制造质量问题，其核心关键就是建立超精密测量能力。”韩森说道。将精密之尺精确到纳米尺度，这条自主研发之路一走就是40年。为了实现这个目标，面向国家科技需求，团队从光学干涉基本原理出发，集成计,https://www.usst.edu.cn/_upload/article/images/46/40/5f981e914e9096447524734b105d/bf9d33f3-71b5-4cb3-8179-3c45b76f641d.jpg
2024.11.04,校长朱新远应邀参加奇瑞（繁昌）零碳产业园项目开工仪式并赴芜湖学院调研,"11月1日，校长朱新远应邀赴芜湖繁昌参加“奇瑞（繁昌）零碳产业园暨繁昌区荻港片区EOD项目（一期）开工”仪式，并考察调研芜湖相关企业及芜湖学院，党委（校长）办公室、科技发展研究院、研究生院、机械工程学院等相关部门和学院负责人陪同参加。芜湖市繁昌区荻港片区EOD（即“生态环境导向的开发模式”）项目是安徽省级项目，旨在通过生态资源整合，建立起“生态环境综合治理+绿色产业融合发展”一体化开发模式，由奇瑞集团在芜湖市政府大力支持下开发建设。项目计划与我校共同打造电池全生命周期综合利用研发平台，为新能源汽车电池循环利用产业化发展赋能提效。芜湖市委副书记、市长徐志，奇瑞集团董事长尹同跃，芜湖市委常委、常务副市长韦秀芳, 奇瑞集团副总经理徐晖，安徽建工集团副总经理陈仁虎，繁昌区委书记瞿辉等出席开工仪式，并共同为项目开工建设按下启动键。仪式现场，朱新远与徐志、尹同跃等会谈，并就校企、校政合作等进行了深度交流。开工仪式由繁昌区区长许有龙主持。瞿辉、徐晖、朱新远、徐志、尹同跃、韦秀芳、陈仁虎共同按下奇瑞（繁昌）零碳产业园项目开工启动键开工仪式现场考察与座谈开工仪式前，朱新远一行先后考察芜湖埃科动力系统有限",https://www.usst.edu.cn/_upload/article/images/88/b3/d7afa06a4fd48de131d75e18d762/0062bf18-ba41-4778-b168-a48fd9bc1358.png
2024.10.31,航天精神赋能   大中小同上一堂“思政大课”,“敢上九天揽月，实现的‘法宝’是创新。核心就在于自强不息的奋斗精神，热爱祖国的家国情怀……”10月30日，全国高校“中国共产党人精神谱系”宣讲上海理工大学专场暨学校大思政课强国系列课程开讲，全国高校“中国共产党人精神谱系”宣讲团成员、国家航天局探月与航天工程中心研究院、中国行星探测工程天问二号任务副总设计师耿言，1998级校友、中国科学院微小卫星创新研究院导航卫星研究所所长、北斗三号卫星副总指挥沈苑受邀来到师生们中间，讲述航天故事、弘扬航天精神，激励师生砥砺强国之志、实践报国之行。活动由上海理工大学党委宣传部、本科生院（教务处）、马克思主义学院主办，学校各大学生宣讲团成员、各学院师生代表，来自上理工基础教育集团的中小学生现场聆听，活动由马克思主义学院副院长牛海主持。活动现场牛海主持身临其境 跟随专家校友叩问苍穹“天问”探火、“北斗”指路……在广袤无垠的苍穹上，中国航天交出了一份无愧于时代的辉煌答卷。耿言以“仰望星空，脚踏实地——中国行星探测工程”为题，以我国首次火星探测任务的论证、规划、任务立项、研制的过程为主线，为师生们讲述了我国火星探测历程。耿言作报告“地球和火星距离1.95亿千米,https://www.usst.edu.cn/_upload/article/images/41/d0/eaffa3b4499b993412d7084cc65d/45ad0d8e-2ec4-4b45-b0b9-6f37e99a6105.jpg
2024.10.30,学校“上海城市安全运行与应急治理协同创新中心”入选第三批上海高校智库,经智库团队答辩及专家组现场调研评审，我校“上海城市安全运行与应急治理协同创新中心”成功入选第三批上海高校智库名单，是我校智库建设取得的标志性突破。,https://www.usst.edu.cn/_upload/article/images/b2/75/43308040443fb92fa3b0ba9a4b28/3eea3808-3ee7-440c-b08e-61536636f58f.jpg
2024.10.29,​2024 CSD全国文创与文具办公用品创新发展论坛在上海理工大学举办,"“双碳”战略与设计学科有何关联？可持续发展理念如何落实在工业设计领域？创新设计如何赋能新制造、拓展新服务、打造新业态？10月29日上午在上海理工大学举办的“2024 CSD全国文创与文具办公用品创新发展论坛”，与其定义为报告会和演讲会，毋宁说是一场头脑风暴，让与会的设计行业、文创产业、教育领域的专家学者充分认识到，可持续发展可以也应该成为所有学科专业建设及人才培养的使命和责任，“创新”与“可持续发展”理念赋能的工业设计本身也是新质生产力的赋能者。在以“设计创新与可持续发展”为题的主旨报告中，中国工程院院士、山东省科协主席凌文指出，ESG（即环境、、社会和公司治理，英文Environmental, Social and Governance）关注企业环境、社会责任和公司治理的投资理念及企业评价标准，是未来的“第四张表”。它虽然是经济学术语，但在高度关注企业社会责任的当下，从产品的设计开始，就应该引入可持续设计理念。他跳出传统工业产品的实用性、经济性的评价方式，从能源角度探讨可持续发展设计的重要性，并通过多个生动真实的案例，讲述了如何将可持续发展理念融入工业设计。他还指出，可持续设计需要全",https://www.usst.edu.cn/_upload/article/images/55/db/97c1d6444855b21ea23b3ca4b776/61f3fb16-81f4-435c-9e33-4aaa2839f5d2.jpg
2024.10.28,党委常委会传达学习习近平总书记给中国国际大学生创新大赛参赛学生代表回信精神,近日，党委常委会传达学习习近平总书记给中国国际大学生创新大赛参赛学生代表的回信精神，党委书记王凌宇主持会议。会上，党委副书记、副校长盛春传达习近平总书记回信全文。副校长张华做学校参赛情况总结，大赛启动以来，学校师生积极踊跃，共有1872个项目、7668人次报名参赛。通过科研项目课程、荣誉学位、双创大赛、创新班等常态化的创新创业教育，以及组建校内选拔赛组委会、校外双创领域专家团等重点举措，学校参赛项目的数量与质量不断提升。校长朱新远谈到，在这次比赛中，学校参赛团队取得2金4银的优异成绩，充分体现了上理人敢拼敢搏、青春奋斗的良好风貌。要及时总结经验，以各类创新比赛为引领，深化人才培养模式改革，提升人才培养质量。相关单位要高度重视，充分发挥学科优势，广泛宣传动员，不断提高师生参赛的积极性，通过以赛促教、以赛促学，着力培养创新人才。王凌宇在总结讲话中指出，要深刻认识学习贯彻习近平总书记回信精神的重要意义，习近平总书记的回信充分体现了他对青年成长和发展的高度重视，对拔尖创新人才培养的高度关切。要将学习贯彻习近平总书记重要回信精神与学习贯彻全国教育大会精神、习近平总书记关于教育的重要论述等结合起来,https://www.usst.edu.cn/_upload/article/images/94/94/5c8308aa473faa53a197c0e80057/84519087-c934-4cb2-b532-f36dc7245f37.jpg
2024.10.28,学校举办118周年校庆日系列活动,10月26日，上海理工大学迎来118周年校庆日。金秋十月丰收之际，小雨滋润着温馨的校园，来自海内外的师生、校友齐聚一堂，庆祝母校生日，重温青春岁月，共绘发展蓝图。校党委书记王凌宇，党委副书记、副校长盛春，副校长蔡永莲、副校长张华等校领导出席校庆活动。学校精心策划了7类69项校庆系列活动，无论是资深的银发校友，还是正值青春的年轻校友，亦或是蹒跚学步“理二代”小朋友；无论是在业界崭露头角的领袖，还是辛勤工作的普通员工，都能在这一天找到适合自己的庆祝方式。凝聚校友力量 共谋母校发展为助力学校高质量发展，促进内部治理体系改革，服务经济社会发展，管理学院、中德学院、光电学院、出版学院、材化学院等学院校友会召开了理事会会议，为学校办学事业发展建言献策。管理学院校友会理事会中德学院校友会理事会光电学院校友会基金会理事会出版学院校友会理事会材化学院校友会理事会庆祝母校华诞 共筑辉煌未来作为特邀嘉宾，本月过生日的师生、校友们欢聚一堂，共同庆祝这个特别的日子。大家送上美好的祝福，共享美味的蛋糕，与母校一起度过难忘的集体生日。为庆祝母校生日，环建学院举办数字赋能、“智”理环境——2024低碳环境国际会议,https://www.usst.edu.cn/_upload/article/images/5f/b0/e8caaa7348b5b8f9b739dfe4b567/38b95417-91ff-474c-b937-bc2c9b991090.jpg
2024.10.28,聚焦“一带一路”沿线国家绿色能源合作 学校召开2024低碳环境国际会议,​10月26日，由上海理工大学环境与建筑学院、国际交流处承办的“2024低碳环境国际会议”在上海理工大学成功举办。会议以“数字赋能，‘智’理环境”为主题，聚焦如何与“一带一路”沿线国家在绿色能源、清洁生产等领域加强合作；数字化、智能化如何为“一带一路”沿线国家的环境与低碳目标提供新路径；怎样加强科技攻关，拓展数字应用，为国际生态环境改善与高质量发展提供新动能。来自国内外高校、科研院所、企业界的200余名专家学者、企业代表和研究生参会。同时，线上参会人数突破2万。,https://www.usst.edu.cn/_upload/article/images/3f/06/a356ee894c658dd2aaf40a9b288a/67628fcb-bddd-4dd7-997a-92e7eabef0bb.jpg
2024.10.28,外语学院举行人工智能时代外语学科和人才培养创新发展论坛暨建院四十五周年大会,2024年10月26日下午，“人工智能时代外语学科和人才培养创新发展论坛暨上海理工大学外语学院建院四十五周年大会”在焕然一新的外语楼隆重举行。上海理工大学副校长蔡永莲、西安外国语大学原副校长党争胜、外交部南南合作促进会上海办事处主任、原上海市知识产权局副局长洪涌清、复旦大学、上海交通大学、同济大学、上海外国语大学、上海大学等二十余所兄弟院校领导、外语学院校友代表、师生代表齐聚一堂，共同庆祝外语学院建院四十五周年。外语学院党委书记曲德强主持大会。他代表学院全体师生员工，向长期以来支持学院发展的学校领导、远道而来的全国外语类兄弟院校领导和对母校满怀深情的校友致以热烈的欢迎和诚挚的感谢。曲德强指出，建院四十五周年，不仅是外语学院发展史上的一个里程碑，更是新时代外语学院在以中国式现代化全面推进中华民族伟大复兴新征程上的新起点。学院将在广大校友和社会各界的关心和支持下，竭尽全力、与时俱进、开拓创新，争取在新时代、新征程中取得更加辉煌的成就。院长刘芹作了《凝心聚力谋发展、深化改革育人才》的学院发展报告，回顾了外语学院四十五年的发展历程。一直以来，学院结合外语学科特点与理工类大学学术背景，以建设具有,https://www.usst.edu.cn/_upload/article/images/26/4a/e1918c814ffdb2e08fd9f268e223/2b06870d-88fc-4755-8b95-6f1f927a4f79.jpg
2024.10.25,【新闻特写】“红外光”让创新的种子竞相萌发,“我想我是‘红外光’，虽然看不见，但能温暖年轻人，为他们的成长提供最佳的资源和环境。”当被问及用哪一种光形容自己时，光电学院庄松林院士娓娓道来。就在刚刚闭幕的中国国际大学生创新大赛（2024）中，光电学院共有4支队伍突出重围，获得2项金奖、1项银奖、1项铜奖，这些团队的核心学生成员均来自于庄松林院士引领的“院士创新班”。在庄松林院士“红外光”的影响下，一批批光电学子的“创新种子”竞相萌发，将所学、所思、所获转化为过硬本领，成长为致力科技创新、服务产业前沿、造福民生福祉的“参天大树”。渗透效应：创新能力聚力“练”“往回看只是平常的一天，却开启了我大学生涯里最刺激有趣的‘大冒险’。”作为中国国际大学生创新大赛金奖项目“微立方”的负责人，光电学院学生王正杰在本科二年级通过面试进入“院士创新班”。“通过课程学习、企业赋能、学科竞赛、科研项目等详细内容，‘创新’二字早已不是‘纸上谈兵’，而是层层渗透进我们的学习生活中。在筹备比赛过程中，我们的项目至少经历过各领域100位专家的点评，每一次打磨都是对我们能力的淬火锻造。”如王正杰所言，这些年有源源不断的新同学像他一样开启科创“大冒险”，这一切都得益,https://www.usst.edu.cn/_upload/article/images/02/94/ac4b5c884b67aa5b6d42cc52027f/b39646be-05f5-44a9-824a-6d94ee8dc874.png
2024.10.24,探索科创人才一贯制培养,10月24日上午，均瑶集团副总裁、上海世外教育集团党委书记、总裁徐俭，上海世外宝山教育集团总校长、上海宝山区世外学校总校长吴佩芸，高中部副校长申玲娣来校访问。学校党委书记王凌宇接待并主持召开交流座谈会，党政办、教务处、人事处、工会、光电学院、材化学院相关负责人出席会议。徐俭简要介绍集团情况并表示，世外教育集团依托高品质基础教育资源以及融合中外的教育理念，已发展成为声誉良好、办学效益突出的教育集团。为顺应时代发展和科技产业变革，加强理工教育已成为教育供给侧塑造新动能新优势的重要途径之一，集团战略转型是必然选择。希望与上理工携手共赢，为集团学校注入更强大的理工教育资源，助力培养科技创新人才。王凌宇介绍学校办学近况并表示，学校作为市属应用研究型大学，将推进基础教育与高等教育衔接为己任，与上理附属学校开展了一系列卓有成效的“大中小一体化”拔尖创新人才联合培养。学校正积极落实上海市新一轮教育综合改革要求，不断提升理工科人才培养与产业发展需求的匹配度。未来双方可充分发挥各自优势，探索完善大学与中学的衔接培养机制，共同发力，造就更多拔尖创新人才。双方在开展科普交流活动、科研实践项目以及共建实验室方面,https://www.usst.edu.cn/_upload/article/images/c9/22/21dbeb8b4dce9a97350b4f68dc67/ed2d24ce-dc92-4289-8e4b-a1063d497dae.jpg
2024.10.24,深化科技金融领域合作 助力科技成果转化,10月23日下午，上海农商银行总行行长顾建忠、总行投资银行部总经理梁青等一行来我校调研，校党委书记王凌宇会见，校长朱新远、总会计师赵明出席座谈交流会，党委（校长）办公室、科技发展研究院、财务处、管理学院等相关负责人与会。顾建忠表示，上海农商银行将着力在普惠金融、科技金融等领域培育和塑造经营特色。上海理工大学在以科技创新赋能企业发展方面具有扎实基础，农商银行希望探索以公益基金的方式为学校科技项目引入金融活水，培育高成长性科创企业，推动实体经济高质量发展。朱新远简要介绍了学校近况，他表示，学校以工科立校，在产教融合、科技创新等方面取得了丰硕成果，希望双方在科技金融领域开拓合作新路径和新模式，培养更多能够“读懂”科技与科技企业的复合型金融人才，助力科技成果向现实生产力转化。供稿：党委（校长）办公室,https://www.usst.edu.cn/_upload/article/images/f7/92/6355840d4ad68b265152a26db468/a27763b6-a691-4665-a5cc-5c6acc0c19c6.jpg
2024.10.23,学校9项科技成果获2023年度上海市科学技术奖,10月23日上午，2023年度上海科技大会暨科学技术奖励大会在上海展览中心中央大厅召开，表彰为上海市科技创新事业和经济社会发展作出突出贡献的科技工作者。本年度共授奖214项（人），上海理工大学共有9项科技成果获得2023年度上海市科学技术奖。其中，由我校作为牵头单位的项目获得一等奖2项、二等奖3项，参与完成的项目获得二等奖4项。 “超高精度大口径绝对面形光学标准计量关键技术及仪器”项目聚焦高精度光学测量和光学标准计量领域，依托国家科技部重点研发计划等项目，自主研发了超高精度大口径绝对面形光学标准计量关键技术，突破了标准计量经典极限、重载荷机械相移测量瓶颈和自重变形对绝对测量结果的巨大限制，创新了光学均匀性绝对测量技术和抗扰动性检测模块技术。创制的纳米精度非接触式光学测量仪器，解决了超精密光学标准计量难题，成功应用于国家级计量机构、科研院所、大科学装置、高端工业检测等领域，助推了国家标准计量行业科技进步。超高精度大口径绝对面形光学标准计量关键技术及仪器项目成果图片“食品中化学危害物的识别材料精准设计及检测关键技术”项目针对食品中化学危害物精准、快速检测技术瓶颈，以检测识别材料的精准设计为,https://www.usst.edu.cn/_upload/article/images/ed/19/c116e7314e319f5b6a902f293575/8a095a10-af1c-4ab5-a876-7c6e5db25d5a.jpg
2024.10.23,“从新出发”！他们这样翻开大学“第一页”,“告别父母，怎样开启独立的生活？”“没人‘盯梢’，如何进行有计划的学习？”“有点‘社恐’，怎么融入新的集体生活？”大一“萌新”迈入上理校园已有月余，面对陌生的环境、截然不同的学习与生活方式，他们有“十万个为什么”，也在学校和师长的护航下，开启作为大学生的“打怪升级”之路。就让我们跟随2024级新生的视角，看他们如何读好精彩的大学课本。新环境新身份 建立上理“归属感”“上海菜里的辣子鸡和豆腐怎么是甜的呀？！”作为一个土生土长的四川人，工科智造类2024级新生陈佳微来上海吃的第一顿饭就直呼“没想到”。和大部分新同学一样，她觉得大学生活有点新鲜，也有点迷茫：“高中的时候沿着高考这个既定目标‘航行’就可以了，而上大学后仿佛突然来到了一个更加广阔的天地，需要重新寻找‘航标’。”基础学院的晚自习活动提供了一个新生适应“缓冲区”，晚自习按照大类专业划分至每周的不同日期进行，实现两校区3500余名学生的全覆盖，帮助同学们更好地规划学习时间，提高学习效率，从而养成良好的学习习惯。“以数学举例，高中知识点是少而难，大学则是广而抽象，有的新生还想通过高中那种‘题海战术’来学习肯定就走不通了。我们需要把概念‘,https://www.usst.edu.cn/_upload/article/images/51/de/72da525c4331b706bc8def8c5103/8aedd7c5-30f2-4847-bea8-56e312470df8.jpg
2024.10.22,干频为党委中心组作学习贯彻党的二十届三中全会精神专题辅导报告,10月21日下午，党委中心组召开“学习贯彻党的二十届三中全会精神，深入推动产教融合、科教融汇，全面提升人才培养质量”专题学习会，上海微电子装备（集团）股份有限公司董事长、党委书记干频应邀做专题辅导报告，校党委书记王凌宇主持学习会。干频以“推动高质量产教融合，培养高水平工程技术人才”为题，从形势分析、实践探索、未来思考三个方面展开报告。他指出，党的二十届三中全会提出统筹推进教育科技人才体制机制一体改革，产教融合是新时代高质量工程技术人才培养的改革方向。他结合产业发展阐述了产教融合、科教融汇的探索与实践。他表示，校企合作是高校人才培养、科技创新的重要一环，需要持续、深度地关注行业、企业在关键共性技术问题、工程应用创新等方面需求，将专业教师与企业导师紧密对接，学生的教学实践、实验、科技创新项目与企业生产及工程项目紧密结合，通过定制化的实验合作和科研合作等，将产教融合、科教融合做深做实。他介绍了上微与上理在人才联合培养、科研项目合作方面取得的成效，希望双方围绕“四个面向”，加强系统谋划，在实验平台、人才培养、科技攻关、人才发展等方面深化合作，让更多企业项目进课堂，共同构建关键领域人才一体化培养,https://www.usst.edu.cn/_upload/article/images/e6/24/2504d42d4869bd5b645262dc286e/df20ed5e-583a-4117-8b25-78e63a6c87fc.jpg
2024.10.22,学校召开巡视整改工作领导小组会议,10月21日，学校巡视整改工作领导小组召开会议，学习贯彻习近平总书记关于巡视工作的重要论述和市委有关巡视整改工作的要求，逐一“过堂”会审整改举措，系统研究学校巡视整改方案及意识形态工作、巡察工作、选人用人工作专项检查整改方案，部署下一阶段巡视整改工作。会议由党委书记、巡视整改工作领导小组组长王凌宇同志主持，巡视整改工作领导小组成员及有关部门负责人参加。党委（校长）办公室负责人传达了市委巡视办有关意见、通报了近期巡视整改工作进展、汇报了学校巡视整改方案整体情况。全体校领导、巡视整改工作领导小组成员逐一汇报了分管领域整改举措和牵头版块的整改情况。宣传部、巡察办、组织部负责人先后汇报了意识形态工作、巡察工作、选人用人工作专项整改方案。会议指出，要坚持以习近平新时代中国特色社会主义思想为指导，深入贯彻落实党的二十届三中全会精神、全国教育大会精神、十二届市委五次全会精神，把落实好巡视整改作为坚定捍卫“两个确立”、坚决做到“两个维护”的实际行动，作为推进全面从严治党向纵深发展的重要抓手，作为深化学校新一轮综合改革的重要契机，为学校事业高质量发展提供新的动力。会议强调，要提升政治站位，针对市委巡视组,https://www.usst.edu.cn/_upload/article/images/13/5d/18d8061349d4b95dfc9ed9f4fe28/d3e0613d-ed19-483a-9941-eb119b1f826c.jpg
2024.10.21,【新闻特写】透过“摘金夺银” 看上理工创新人才培养,2金4银！在2024中国国际大学生创新大赛总决赛中，我校参赛团队在金奖数量、获奖数量上取得新突破，在上海高校中排名第三位，仅次于上海交通大学和复旦大学。摘金夺银的背后，是学校为拔尖创新人才成长成才提供的深厚土壤：围绕“专业-产业-创新创业”，优化双创资源配置，构建“双创五大体系”，打造“课训赛创产培养平台”……学校在更高层次、更深程度、更关键环节上深入推进创新创业教育教学改革，全力打造的“创新创业教育升级版”正源源不断释放人才培养改革的红利。一间人人获奖的宿舍翻开获奖名单，可以发现一个小小的“巧合”——石悦言、沈田田、张佳敏、陈雪，这4个出现在不同获奖项目中的成员，来自光电学院的同一间女生宿舍，她们负责或参与的项目斩获2金1银的优异成绩。“我们中有三个人在各自的团队中负责上台演讲，备赛期间，整个宿舍化身‘熬夜党’，一起讨论、打磨稿子，熬到后半夜是常事。”石悦言表示，大家虽然分属不同的项目，但在宿舍里就像是一个团体，“我们的‘卧谈会’会聊各自的实验细节和遇到的困难，互相打气，这种通过一起‘打比赛’深化的友谊比比赛更重要。”发生在这间宿舍的“参赛成长记”，与其说是巧合，不如说是一种“水到渠,https://www.usst.edu.cn/_upload/article/images/d9/96/df2c685147f28e6e1435f5e6ac2a/3637f685-7849-49d2-977c-9f523a363788.jpg
2024.10.19,​上理工生物系统热科学研究所40周年庆典举行,在上海理工大学，有这样一个极具特色且在国内学界有开创性意义的学科方向——上世纪80年代中期就开始研究鱼类胚胎低温保存，保存温度和复温存活率达到世界先进水平；1998年在世界范围内首次将气管低温保存和复温技术成功应用于临床；2022年联合上海胸科医院等单位共同研发世界首台肿瘤治疗柔性冷刀“红袖刀”，实现肿瘤“无创消融”；组建我国第一个低温生物工程实验室，研发出我国第一台低温显微镜，撰写我国第一部《低温生物医学技术》专著，建立我国第一个“冷冻与冷藏工程”本科专业，制定了我国第一个病原微生物资源低温保温保藏标准；学科创始人华泽钊是全国首批低温工程博士生导师，是上理工首位获评“国家级教学名师”的教师，也培养出新中国第一位低温工程博士，参与低温工程博士点建设的首批研究生中的一位在后来创办了研发出全球首款新一代全降解可吸收心脏支架的微创医疗器械公司……这一学科方向就是低温生物医学，作为其承载的上海理工大学生物系统热科学研究所（前身为低温医学与食品冷冻研究所）今年迎来了创办的第40个年头。10月19日上午，生物系统热科学研究所40周年庆典在上海理工大学举行。这是继2019年召开华泽钊教授教育思想研讨,https://www.usst.edu.cn/_upload/article/images/60/44/0157f8694643930268a0abaa52e4/b42a1dae-7316-44bd-baf2-66419b47704f.jpg
2024.10.18,学校举办第七届留学生国际文化节,10月17日，上海理工大学516校区灯光篮球场内，彩旗飘扬，欢声笑语，第七届留学生国际文化节在此隆重举行。此次文化节以“文化交辉命运与共”为主题，旨在通过丰富多彩的文化交流活动，增进全校师生对多元文化的理解和尊重，搭建起中外学生友好交流的桥梁，上海理工大学沪江学院党总支书记、常务副院长陈红主持开幕式。上海理工大学党委书记王凌宇亲临现场，参观各国展馆，并与学生近距离沟通与交流。他详细询问了展品背后的文化故事和制作工艺，鼓励同学们多了解各国文化，拓宽国际视野，刻苦努力，争取在上海理工大学得到最大的成长和发展。随着舞龙表演的精彩开场，现场气氛瞬间被点燃。紧接着，上海市公共外交协会副会长闵师林，上海理工大学党委副书记盛春为龙点睛，寓意本次活动的圆满成功和各国文化的璀璨交融。上海市公共外交协会副会长闵师林、上海理工大学党委副书记盛春点睛盛春副书记在致词中强调，“留学生国际文化节”作为上海理工大学的一项标志性的中外文化交流品牌活动，不仅彰显了我校作为高水平地方大学的国际化办学特色，更是提供了一个展示世界各国多元文化魅力、促进跨文化交流的宝贵平台。希望中外学生加强交流，深入了解，增进友谊。希望国际学,https://www.usst.edu.cn/_upload/article/images/50/8d/0bde06e44c078ff5b8ddcc4c7f96/0c0cc47b-1718-433d-ba04-86cbd5ce4e2f.jpg
2024.10.17,区校携手打造北滨江科技创新秀带,10月16日下午，杨浦区委书记薛侃、区委副书记周嵘、副区长王浩率队来校访问，围绕深化区校双方在科技创新、产业发展、民生改善等领域的合作，与校党委书记王凌宇、校长朱新远、副校长岳海洋等校领导进行座谈交流。朱新远介绍了我校办学情况，并对杨浦区长期以来的支持和指导表示感谢。他表示，根据上海科创中心建设、上海城市更新以及新一轮教育综合改革要求，上海理工大学将积极实践杨浦“三区联动”“三城融合”理念，充分发挥密切对接服务上海先导产业、高端制造业的学科优势，积极融入杨浦打造北滨江科技创新秀带的区域发展中，深化科教融汇、产教融合，开展校企联合人才培养，共建大学生创新创业基地与产学研协同创新共性技术平台，促进成果孵化、企业培育与产业集聚，推动校园优秀历史风貌与北滨江城市更新融为一体。周嵘介绍了杨浦区经济社会发展重点和改革举措，他指出，杨浦正在主动写好人民城市新实践、创新发展再出发、重振杨浦“一股劲”这“三篇大文章”，构建创新型现代化产业体系。坚持创新驱动发展，强化区域内高校聚集的优势资源，打造“三区联动”升级版；全面践行人民城市理念，推进黄浦江中北段更新项目，实现功能融合发展和空间品质提升。他表示，杨,https://www.usst.edu.cn/_upload/article/images/9d/c5/27e006b048f687a1691ae7200a54/56a2f8d1-4e64-4003-a10b-d1ac5ab0882e.jpg
2024.10.17,聚焦优势特色领域 深化医工交叉合作,10月16日，上海交通大学医学院附属同仁医院党委书记、院长马骏一行来校访问交流，党委副书记、校长朱新远会见并座谈。党委（校长）办公室、科技发展研究院、跨学科创新研究院、研究生院等相关负责人陪同参加。马骏介绍了同仁医院在医疗服务、学科建设、科研发展等方面的情况。她表示，作为虹桥国际中央商务区内最大的三级综合性医院，同仁医院在危急重症疾病救治、慢病全过程管理、预防医学全过程教育等方面形成了特色与优势，未来希望在医工交叉研究生培养与科技创新等方面深化与上理工合作，实现跨越式发展。朱新远介绍了我校办学历史、教育教学、科学研究、社会服务等方面情况。他表示，医学与理工科的交叉融合，是推动医疗科技创新、提升医疗服务水平的重要途径，此次交流为上理工与同仁医院之间的合作提供了新契机，双方可在前期合作的基础上，进一步聚焦专病、专科优势和特色领域，丰富合作内容，完善合作机制，加强沟通对接，实现双向奔赴、互利共赢。会上，双方就合作事宜进行了充分交流。党委（校长）办公室,https://www.usst.edu.cn/_upload/article/images/0f/60/7c55c34f461892182ed8f5131260/59eb5f02-dad7-4830-8f0b-5e1ceb1427f5.jpg
2024.10.16,三大突破！我校学子在中国国际大学生创新大赛获2金4银,10月12日至15日，由教育部等12个部门与上海市人民政府共同主办，上海交通大学与闵行区人民政府承办的中国国际大学生创新大赛（2024）总决赛在上海举行。历经竞争激烈的国赛网评、会评和金奖争夺赛等环节，我校进入全国总决赛的6个团队获得2项金奖、4项银奖，在上海高校中排名第三位，取得大赛举办以来我校最好成绩并在金奖数量、获奖数量上取得新突破，国际项目首次闯进总决赛并获银奖。据悉，本届大赛共有来自国内外153个国家和地区、5406所高校的514万个项目、2083.6万人次学生报名参赛，历经5个月的层层角逐，1410个优秀项目脱颖而出进入决赛阶段现场比赛。校长朱新远出席冠军争夺赛并与我校获奖团队合影校领导与我校获奖团队师生合影大赛获奖反映了学校在人才培养方面的综合实力，展示了我校拔尖创新人才培养的质量和创新创业教育方面的深厚积累，是我校深化高等教育综合改革的最新教育成果。优异成绩的背后是参赛学生团队成员的不懈奋斗，指导教师团队精心辅导的结果，同时也是全校上下团结协作的结果。为备战本届大赛，自2024年3月以来，学校党政主要领导、分管校领导高度重视并多次对大赛准备情况和参赛项目进行调研指导，并,https://www.usst.edu.cn/_upload/article/images/84/a5/7fcf7e564d9ea98ecfdc0a8ad54a/6c82b612-491b-40ff-857c-6de6d3c89734.jpg
2024.10.14,学校举办2024年新晋高级专业技术职务人员专题培训,为深入学习二十届三中全会和全国教育大会精神，全面贯彻落实习近平总书记关于教育的重要论述，引导教师切实担当立德树人根本任务，激励新晋高级专业技术职务人员保持拼搏精神和发展活力，共同推动学校建设特色显著的一流理工科大学的发展大业，10月11日至12日，学校举办了2024年新晋高级专业技术职务人员专题培训。校长朱新远、党委副书记孙跃东出席，109名新晋高级专业技术职务人员参加培训。朱新远做了题为“以战略需求为导向，汇聚科技创新策源新动能”的主旨报告。他结合二十届三中全会和全国教育大会精神，深刻分析了我国高等教育面临的形势和使命要求，强调创新驱动在教育、科技、人才一体化发展中的战略地位。他指出，在上海“五个中心”建设背景下，一定要主动把学校发展融入服务国家战略和城市发展，不断提升创新策源能力能级，锚定目标、以改革激活学校高质量发展活力，聚焦“学科专业布局调整、人才培养模式改革、人力资源发展规划与人事制度改革、内部治理体系改革”，让各类资源的潜力、效益充分释放，真正推动学校事业内涵式高质量发展。为此，他提出三点建议和期望：一是要突出加强青年科技人才培养，对他们充分信任、放手使用、精心引导、热忱关,https://www.usst.edu.cn/_upload/article/images/70/13/0c16cdb34fc29f6bdd023830357a/8fafdd63-0233-46a6-83cf-e9b61fd4db30.jpg
2024.10.01,75岁生日快乐！上理师生共同为祖国母亲庆生,开展烈士纪念日系列活动，深切缅怀革命先烈、赓续红色血脉、汲取奋进力量；写下“三行情书”，深情表达对祖国的无限热爱与敬意；奏响红色经典，歌唱伟大祖国，表达赤子深情……近日，上理校园处处洋溢着庆国庆的喜悦氛围，师生们积极开展丰富多彩的活动，共同庆祝新中国成立75周年。10月1日，鲜艳的五星红旗在校园里迎风飘扬致敬革命英烈，凝聚奋进力量9月30日上午，学校第十一个烈士纪念日主题活动在刘湛恩烈士故居红色文化主题馆举行，档案馆肖琳琳老师带领师生跨越时间的鸿沟，追忆激情燃烧的岁月，接受革命精神的洗礼。“请党放心、强国有我，传承遗志、吾辈自强……”全体师生共同诵读诗歌《英雄》，在宣誓中缅怀革命先烈、赓续红色血脉、汲取奋进力量。活动现场，师生们用笔墨绘英烈，用书法寄哀思，通过开展书法创作和展示，缅怀用生命书写历史的革命先烈，继承发扬先烈们留下的宝贵精神。大家坚定信念、饱含深情、一笔一划地写下李大钊、邓恩铭等革命烈士的诗词作品，在字里行间深切感受革命先烈们大义凛然的无畏精神。师生参观刘湛恩烈士故居红色文化主题馆师生用笔墨绘英烈，用书法寄哀思国庆前夕，学校举办了烈士纪念日系列主题活动。9月25日下午，上理,https://www.usst.edu.cn/_upload/article/images/b8/7d/38f67a6342c0919cc67824881b79/561d3a3f-9ccb-46ff-b358-aad529585c60.png
2024.09.30,学校召开体育运动委员会2024年第一次工作会议,9月29日，上海理工大学体育运动委员会召开2024年第一次会议。校长、体育运动委员会主任朱新远，校党委副书记、副校长盛春以及学校体育运动委员会全体委员参加会议。会议由副校长张华主持。首先，全体委员在朱新远带领下，一同走进即将竣工的学校健身中心，考察工程进展。健身中心是备受全校师生关注的民生工程，该项目建成将填补我校基础建设的一项空白，将使学校体育条件得到进一步的改善，全体委员十分关心该项目进展情况。在现场，基建处、体育部领导向参观的委员们汇报了工程建设情况，以及馆内功能分布、装修验收等后续工作。朱校长希望有关单位能认真负责完成收尾工作，尽快让师生共享学校高水平发展成果。然后，全体委员在格致堂举行会议。体育教学部主任朱晓菱从学校体育工作总目标、学校体育工作概况、体育资源、体育改革和成效以及学校体育发展面临的问题与建议等多个方面作学校体育工作报告，并向全体委员通报了《上海理工大学关于加强和改进新时代学校体育工作方案》。学校工会常务副主席黄志强汇报了学校教职工体育开展情况以及教师体育工作诉求。体育教学部副主任袁勇提请全体委员审议《2024年上海理工大学体育文化节暨田径运动会实施方案》。与会委,https://www.usst.edu.cn/_upload/article/images/9c/a3/a7717b4d426aae531338ea358d52/c4fe093c-c92b-49f6-a207-c72b5fba1b25.jpg
2024.09.27,系统规划  开启学校与市东医院合作新篇章,9月27日，市东医院院长贡东卫，副院长张舟、戴李华一行来访，校长朱新远、副校长张众会见并出席交流座谈。党（校）办、科技发展研究院、跨学科创新研究院、研究生院、健康学院等相关负责人陪同参加。贡东卫介绍了近年来市东医院的发展情况。他表示，市东医院的发展离不开上理工的大力支持，希望通过此次交流，学校给予医院更多科研合作、人才培养等政策方面的支持，医院不断提升对学校师生的服务水平，形成良性循环。贡东卫讲话朱新远对市东医院的来访表示热烈欢迎，并介绍了学校全面深化新一轮教育综合改革的计划与方案。他表示，双方合作要树立大思维、大格局，以发展快、发展好为导向，加快推动合作体制机制变革，在科研合作、人才培养等方面做系统化的规划布局，深化医教研融合，形成更加紧密、更加务实的合作关系。朱新远讲话张众表示，双方可通过相应的合作机制，促进医学需求与工科技术深度融合，推动更多科技成果的转化落地，实现医疗器械产业创新发展。双方在合作机制、人才培养、科研转化、医疗大数据建设等方面进行了深入交流。会议现场供稿：,https://www.usst.edu.cn/_upload/article/images/30/ef/67934c124182ba9f57a221d419ee/22e2e2a1-fa6c-48ab-9bf7-5292fc429352.jpg
2024.09.27,学校离退休老同志庆祝新中国成立75周年暨欢度重阳节主题活动举行,七十五载铸辉煌，桑榆向党续新篇。9月27日，由校党委组织部（老干部办公室）、工会（退管办）、离退休党委联合主办的“追梦新时代 银龄展风采”学校老同志庆祝新中国成立75周年暨欢度重阳节主题活动在教工之家报告厅举行。校长朱新远，副校长张众，副校长岳海洋，校党委常委、组织部部长孙红，党（校）办、老干办、工会（退管办）相关负责人等出席活动。局级退休老领导、离退休干部党支部书记和委员、特邀党建组织员、老教授协会理事、退休块组长等老同志代表参加。活动由退休干部潘淑平、徐伯庆主持。朱新远以“贯彻落实‘双高方案’推动新一轮教育综合改革”为题讲话，并作校情通报。他指出，在校党委的坚强领导下，全校上下持续攻坚、奋力前进，深入落实立德树人根本任务，坚持服务高水平科技自立自强，学校事业稳中有进、再上台阶，学校成为首批五所高校服务促进高质量发展（简称“双高”）试点高校之一。学校坚决贯彻落实党的二十届三中全会精神和市委十二届五次全会精神，抢抓上海“双高”试点机遇，以学科专业布局调整为抓手、人事制度改革为保障、“一体两翼”（即以全面提高人才自主培养质量为根本，以支撑高水平科技自立自强和服务经济社会发展为两翼）为重点,https://www.usst.edu.cn/_upload/article/images/40/77/4ab05df0437480de9f4346a32834/f485a6a8-b6e4-4486-b88a-f3f3b3a8e6ea.jpg
2024.09.27,校企紧密合作  走出产教融合新路,9月26日，上海华谊控股集团有限公司党委书记、董事长顾立立一行10人来访，校长朱新远、副校长张众会见并出席交流座谈。党（校）办、科研院、学生工作（部）处、研究生院、能动学院、机械学院、材化学院等相关负责人和教师陪同参加。顾立立对我校的热情接待表示感谢，并携公司相关负责人介绍了集团、下属研究院和部分子公司业务开展情况。他表示，华谊集团作为上海市属国企，承担着一系列战略任务，上理工的历史底蕴与华谊集团的行业属性非常契合，希望通过此次座谈，双方开展多种跨学科复合场景的合作，将集团需求与学校优势深度融合，共同为区域制造业转型升级做出贡献。朱新远对顾立立一行的到来表示热烈欢迎，并就学校办学情况作简要介绍。他表示，上理工作为“制造业的黄埔军校”，以对接和服务高端制造业为己任，产教融合是上理工的优势，在教育强国的背景下，教育综合改革以全面提高人才自主培养质量为根本，以支撑高水平科技自立自强和服务经济社会发展为两翼，上理工愿与华谊集团建立紧密的战略合作关系，聚焦卓越工程人才培养，紧紧围绕产业所需，建立从招生到培养方案制定与实施再到就业的联培机制，在企业真问题、真需求的“练兵场”培养人才，形成企业出题、,https://www.usst.edu.cn/_upload/article/images/f8/a7/a416c022430ba252a21297d04f03/a4ff55d7-b0da-4c87-9f21-b56fbb8d2c9b.jpg
2024.09.27,我校举办2025届毕业生秋季首场招聘会,为深入贯彻党的二十届三中全会和全国教育大会精神，全面落实党中央、国务院和市委、市政府关于做好高校毕业生就业创业工作的决策部署，抢抓“金九银十”校园招聘黄金期，进一步发挥好校园招聘主渠道作用，9月25日和26日，我校2025届毕业生秋季首场大型招聘会在学生活动中心举办，总计200家用人单位参会，提供岗位1000余个，需求人数11000余人。学校党政领导高度重视毕业生就业工作，校长朱新远，党委副书记、副校长盛春来到招聘会现场与用人单位、应聘学生交流，调研当前就业形势、了解企业岗位需求、关心学生求职心态等情况。各学院负责人、毕业班辅导员来到招聘会开展访企拓岗，加强校企联系对接。招聘会现场气氛热烈，学生求职心态积极，累计5000余人次参会，很多低年级学生来到现场了解企业情况、感受就业氛围，发挥好招聘会作为学生职业生涯教育场景的就业育人功能。用人单位表示学校招聘服务组织有力，服务到位，现场收到很多简历，比如上海自动化比仪表、施耐德电气、柏楚电子、芯源微、霍尼韦尔等单位收到学生均超过200余份，企业将尽快做好后续招聘安排。本次招聘会区域联动强，松江区、宝山区、陆家嘴金融城、苏州吴江区等地方或机构组,https://www.usst.edu.cn/_upload/article/images/75/50/f25c77334aab94b891669aec904d/a810670d-00fb-4c5d-b267-1e0b8b8a0910.jpeg
2024.09.26,加快新一轮战略合作，共同做好科技金融大文章,9月25日，中国银行上海市分行行长王晓一行来访。校长朱新远、总会计师赵明会见并出席交流座谈。党（校）办、研究生院、学生处、财务处、信息办、管理学院等相关负责人陪同参加。会议由朱新远主持。王晓围绕中国银行的行史、办行理念、业务领域等方面作简要介绍，并携相关部门回顾了与上理工各项合作的开展情况。他表示，在上海加快建设“五个中心”的形势背景下，中国银行也不断在做好金融“五篇大文章”的基础上积极探索“科创+金融”，期待与上理工等工科见长的高校开展更为深入的合作。朱新远就学校近况作简要介绍，他表示，双方的务实合作为银校合作奠定了扎实基础，增强了合作信心。根据上海科创中心建设规划布局，学校未来有望为产教融合、产城融合做出新的更大贡献。期待双方能紧抓发展机遇，加快开启新一轮战略合作，携手培养既懂科技又懂金融的复合型人才，共同做好科技金融大文章，为上海科技创新策源贡献更大合力。赵明表示，双方可围绕“金融+”积极探索金融赋能人才培养、学生就业、基础设施建设等方面的创新合作模式。会上，双方就金融服务、人才培养等方面进行深入交流。供稿：党委（校长）办公室,https://www.usst.edu.cn/_upload/article/images/1f/05/303d1d6c48829c4c679006ef1f14/0a7991e8-5bae-41c8-9a4e-1117c0b9e617.jpg
2024.09.26,提质增效 打造医工交叉特色领域,9月25日，上海市胸科医院院长侯旭敏、副院长姚烽等一行来访。校长朱新远、副校长张众会见并出席交流座谈。党（校）办、科研院、研究生院、跨学科创新研究院、健康学院等相关负责人陪同参加。会议由朱新远主持。侯旭敏对我校的热情接待表示感谢，她表示，胸科医院与上理工在医工交叉方面的合作扎实、有效，不断结出累累硕果。希望未来双方持续深化合作，围绕资源、平台共享等方面加强有组织科研，院方将全力支持，期待与上理工在医疗器械创新等领域共谋发展，不断取得新的突破。侯旭敏讲话朱新远对侯旭敏一行的到来表示热烈欢迎，并就学校办学近况作简要介绍。他表示，学校与胸科医院合作基础扎实，成效显著。未来学校也将继续以服务上海“3+6”产业体系建设为目标，开展更多“双向奔赴”的高质量校医合作。他强调，医工交叉领域的科研创新要坚持产业导向，未来可加强医、校、企等多方联动，进一步加速成果的产业化落地，提升服务产业发展水平。朱新远讲话张众表示，目前学校开展的校医合作已进入提质增效阶段，双方要坚持产出科研成果和培养卓越工程创新人才两手抓、两手硬，共同探索合作共赢新模式。会上，双方就医教结合等方面进行深入交流。会议现场供稿：党委（校长,https://www.usst.edu.cn/_upload/article/images/ab/45/f3a771834334ad641baf3016db66/c68c0d84-bddf-499e-ba1c-87905360f639.jpg
2024.09.24,学校党委部署推进党纪学习教育常态化长效化工作,9月23日下午，学校党委召开党纪学习教育总结会，传达学习习近平总书记关于党纪学习教育的重要指示精神，贯彻落实中央、市委和上级党委部署要求，总结学校党纪学习教育情况，部署推进党纪学习教育常态化长效化工作。党委书记王凌宇主持会议并讲话。会议指出，党纪学习教育开展以来，学校党委认真学习贯彻习近平总书记关于党纪学习教育的重要讲话和重要指示精神，高度重视、周密组织，坚持高起点谋划、高标准部署、高质量推进各项工作，有力有序推进党纪学习教育。学校广大党员干部坚持以学为本、学做结合，深刻领悟“两个确立”的决定性意义、做到“两个维护”的自觉进一步坚定，政治定力、纪律定力、道德定力、抵腐定力进一步提升，拒腐防变的防线进一步筑牢，忠诚干净担当的主动性和自觉性进一步增强。会议强调，党纪学习教育是一个持续深化、永无止境的过程，要善始善终抓好党纪学习教育任务落实，及时总结运用成功经验，建立健全长效机制，推动广大党员、干部持之以恒学纪知纪明纪守纪，为不断开创学校事业高质量发展新局面提供坚强纪律保障。要强化政治引领，把深化党纪学习教育与深入学习贯彻党的二十届三中全会精神和全国教育大会精神结合起来，坚持不懈加强党的创新,https://www.usst.edu.cn/_upload/article/images/c8/8e/d257ab614d5d925da237c39be601/19bb8e81-a0b8-428c-975d-04b688e5754c.jpg
2024.09.23,​校领导组团为2024级本科生讲授“形势与政策”,近日，2024级本科生“形势与政策”（开学第一课）陆续在军工路516号校区大礼堂、1100号校区报告厅开课。本次课程以“选择上理工，迈向大世界”为主题，由校领导组团式担任授课教师，全校近3500名本科新生分批次参加。校领导通过讲述国内和国际形势，解读国家的教育方针和时事热点，进行校史校情教育、理想信念教育、爱国主义教育等，教育引导本科新生“扣好大学期间的第一粒扣子”，从上理更好迈向大世界。王凌宇为新生上“开学第一课”朱新远为新生上“开学第一课”新生“开学第一课”现场瞰这“理”：百年共潮的学府“每一艘开往上海的轮船，都必须在这所大学的视野内经过，在这样一个校园里，任何有思想的学生都不能不感到自己生活在一个大的世界里” 。课程开篇，校领导们从沪江大学与德文医工学堂的包融脉络说起，带领新生回顾了上海理工大学百年积淀的深厚文化底蕴，阐述了上海理工大学的办学理念与特色。作为一所享有“制造业黄埔军校”的美誉、以理工科见长的高校，上海理工大学不断创新进取，紧跟国家战略需求，培养出了一大批杰出的工程技术人才。循着历史的足迹，同学们认真聆听学校近些年在人才培养、科学研究、文化传承、社会服务，尤其在支撑国,https://www.usst.edu.cn/_upload/article/images/42/cc/52a4becf4ffc8cf75a66ad180f9f/c571b0cf-4693-4903-b9bc-63a28e0749bd.jpg
2024.09.19,学校开展新学期教学检查,9月18日，新学期开学第一天，为全面了解学校教学运行状态，进一步严格教学管理，切实保障正常教学秩序，校党委书记王凌宇、校长朱新远、副校长张华分别带队深入教学一线，实地检查课堂教学情况和校园环境、教学设备等教学保障情况。校领导对课堂教学的组织实施、教学秩序、教学设备、教学环境等方面进行了全面检查，听取了新学期教学准备工作和运行情况的汇报。校领导对师生上课热情、教学工作的准备予以充分肯定，对即将开始的新学期提出了要求和期许，鼓励教师们紧跟学科前沿、更新教学内容、创新教学方法、提高教学效果。新学期开课首日，学校共有658个本科教学班顺利开课，覆盖学生31048人次，；共有141门次研究生课程顺利开课，覆盖学生6169人次；一网畅学教学平台当日上午总访问量约12万余次。从理论教学周首日的检查结果来看，授课教师准备充分、学生上课精神饱满、课程安排落实到位、教学设施运行正常、教学活动井然有序，很好地展现了新学期师生的新气象、新面貌。新学期教学检查，既是学校一贯坚持的例行工作，也是强化教学工作中心地位、切实保障日常教学质量的一项重要措施。学校将继续严抓教风学风，坚持立德树人、五育并举，全面提升人才培,https://www.usst.edu.cn/_upload/article/images/f4/54/8d1d42a34c7481da976599c3517f/a521801d-52b6-40f6-87d7-3da0d4356a64.jpg
2024.09.15,让更多创新技术促进中国医疗健康发展,"上海理工大学东方泛血管器械创新学院（OPIC）开学典礼，医校企签约共建联合影像研究中心，新书《医学科技创新与成果转化》首次发布，中国心血管医生创新俱乐部（CCI）第九期正式开启……2024年是东方泛血管器械创新学院（OPIC）首次正式招收全日制研究生，也是中国心血管医生创新俱乐部（CCI)的第十年，在9月14日举行的东方泛血管器械创新人才高峰论坛暨东方泛血管器械创新学院（OPIC）开学典礼上，CCI十周年系列活动次第开展。来自全国各地的临床医生、工程师、投资人、企业代表齐聚上海理工大学，见证签约仪式和新书发布，并共同探讨目前泛血管医疗器械创新的热点、痛点及未来的发展方向。推进医疗科技创新生态持续进化秉持“From the doctors, by the engineers, for the patients”的“以临床为导向的有组织创新”的理念，2015年9月，中国心血管医生创新俱乐部（CCI) 成立；2022年12月，上海理工大学联合CCI、OCI（东方脑血管创新俱乐部）成立东方泛血管器械创新学院（OPIC），旨在进一步探索符合我国国情的医疗器械创新生态，系统化培育泛血管医疗器械创新",https://www.usst.edu.cn/_upload/article/images/97/66/1184a8e94d40ab1028c175a36019/cf7cb7ee-ee99-4234-bc91-20c65f0fda99.jpg
2024.09.14,学校举行2024级本科生开学典礼暨军训总结表彰大会,时序中秋叠翠金，百年沪江再迎新。9月13日上午，上海理工大学2024级本科生开学典礼暨军训总结表彰大会在军工路516号体育活动中心举行，并在学校官方微信视频号、抖音、哔哩哔哩等平台同时进行直播，线上线下“协同联动”，共同见证新上理人的青春风采与激昂斗志。,https://www.usst.edu.cn/_upload/article/images/d7/e2/1ba118544a1692344148b4dfe3dc/6d99a5d9-ed6f-45dd-accf-203f61f081bc.jpg
2024.09.14,学校举行2024级研究生开学典礼暨新生第一课,秋风送爽，丹桂飘香，又是一年开学季。9月13日，上海理工大学2024级研究生开学典礼暨新生第一课在学校大礼堂举行，本次开学典礼采取主分会场及线上线下相结合的方式同步进行，来自全国各地的4000余名新生共同开启精彩新篇章。校党委书记王凌宇，校长朱新远，校党委副书记孙跃东，校党委副书记、副校长盛春，副校长蔡永莲，副校长张华，副校长岳海洋，各职能部处负责人、各学院负责人，导师代表，研究生辅导员，研究生教学秘书，研究生院及研工部全体工作人员出席活动，典礼由盛春主持。开学典礼主会场开学典礼分会场盛春主持开学典礼典礼伊始，全体师生共同观看了研究生风采短片《潮起上理，从“新“出发》。短片里展示了焕然一新的教学楼、体育场馆、校园环境等，以及上理学子所展示的朝气蓬勃，奋发向上的姿态，无不吸引着新生的目光，给在场的每位同学都留下了深刻的印象，对研究生生活的向往期待之情呼之欲出。随后，伴随着庄严的国歌声，上海理工大学2024级研究生开学典礼暨新生第一课正式拉开帷幕。学生观看研究生风采短片《潮起上理，从“新“出发》作为2024级研究生新生代表，来自能源与动力工程学院的硕士研究生张博涵在发言中用自己的真实经历鼓,https://www.usst.edu.cn/_upload/article/images/49/57/3b660e5842d088aaa93ec1fe5bff/833ddec9-f5a4-4800-ac8a-545077755a18.jpg
2024.09.14,学校举办2024年度新进教职工岗前专题培训,为帮助新进教师尽快融入上理大家庭，更好地履行高校教师岗位职责，9月10日至13日，学校组织开展了2024年度新进教职工岗前专题培训。校党委书记王凌宇，校长朱新远，党委副书记孙跃东，相关职能部处负责人出席。2023年9月至2024年8月新入职的近160名教职工参加了培训。此次培训恰逢第40个教师节，全体新进教职工参加学校教师节庆祝大会暨新进教师入职培训开班仪式。王凌宇书记向新进教职工表示热烈欢迎和美好祝愿，寄语全体教师牢记初心使命，坚守三尺讲台，潜心教书育人。他对全体教师提出三点希望：一是弘扬践行教育家精神，筑牢思想根基、涵养高尚师德，做立德树人的大先生；二是甘为人梯、敬业奉献，练就扎实学识、精进育人本领，做时代新人的筑梦人；三是挺膺担当、奋楫笃行，敢于攻坚克难，勇攀学术高峰，做时代奋进的排头兵。朱新远做“以德立学、以德施教：塑造新时代上理好教师”专题报告。他从“我的青椒岁月”“我们的时代和我们的大学”“未来的愿景和努力方向”“建议和希望”四个方面给新进教师做了动员。他结合自身的“青椒”成长历程，鼓励青年教师在科研上做The First，The Best，把论文写在祖国大地上。他希望全体,https://www.usst.edu.cn/_upload/article/images/1c/71/bbc12a00415992339cd70e9978d8/55b04a96-cd2c-4ee0-930b-250111e105be.jpg
2024.09.13,贵州省政协副主席一行来访上海理工大学,9月12日上午，全国政协常委、贵州省政协副主席、农工党贵州省委主委张光奇一行来访我校考察学习，上海市政协科技和教育委员会副主任柯勤飞等相关部门负责人陪同来访。双方就数字化加快企业转型升级、赋能产业集群高质量发展、学科建设、科研平台建设等方面展开深入交流。朱新远校长代表学校对张光奇一行表示欢迎。政协贵州省委员会办公厅一行在张华副校长的陪同下，参观校史馆。随后，一行人参观了我校的上海高端医疗装备创新中心、机器智能研究院。政协贵州省委员会办公厅、上海市政协相关负责人陪同考察学习，党委校长办公室、信息化办公室、档案馆等相关部门、学院负责人参加活动。,https://www.usst.edu.cn/_upload/article/images/90/88/0b09d19c442090e13438e7685e84/e32a16fc-80f4-4929-82f6-57b247ccfeca.jpg
2024.09.13,中建东孚上海公司来访,9月12日下午，中建东孚上海公司党委副书记、执行总经理王佳宏，党委副书记、纪委书记、工会主席陈信霖，副总经理孙纯怡等一行来访。我校校长朱新远，党委副书记、副校长盛春会见并出席交流座谈。党(校)办、科研院、研究生院、环建学院等相关负责人陪同参加。会议由盛春主持。王佳宏对我校的热情接待表示感谢，并携公司相关负责人介绍了公司在高端房建、民生保障工程开发、城市更新改造、人力资源培养、党建和外联等方面的工作。他表示，作为中国建筑第八工程局有限公司下属的综合房地产投资开发和物业服务的公司，以上海为中心的长三角地区是公司目前的重点聚焦区域之一。公司注重以科技创新、绿色智能赋能发展，希望双方充分发挥彼此优势，为上海城市更新事业高质量发展做出更大贡献。朱新远对王佳宏一行的到来表示热烈欢迎，并就学校办学历史、人才培养、学科建设、科学研究等方面作简要介绍。他表示，国家针对高质量发展作出以深化经济体制改革为牵引的一系列战略部署，习近平总书记指出要“发挥企业出题者作用，加快构建龙头企业牵头、高校院所支撑、各创新主体相互协同的创新联合体”。学校高度重视与企业、行业交流合作，紧密围绕服务国家和上海地方经济发展需求开,https://www.usst.edu.cn/_upload/article/images/d2/b4/81a002c443f4a971ccd3b1cfe3a7/38a615b0-dd82-4373-bbe6-643dd5e8fe9f.jpg
2024.09.12,奋进担当   为建设教育强国注入上理力量,“教育兴则国家兴，教育强则国家强。”9月9日至10日，全国教育大会在北京召开。习近平总书记在会上发表的重要讲话在我校干部教师中引发热烈反响，大家纷纷表示，将紧紧围绕立德树人这个根本任务，为建成教育强国战略目标贡献上理力量。聚焦立德树人构建“大思政”育人格局习近平总书记对全国教师和广大教育工作者的深切关怀，极大鼓舞了马克思主义学院王丽老师新学期的干劲儿。作为一名思政课教师，她对于进一步落实高校立德树人根本任务的重要性和紧迫性有了更深的认识：思政课教师要扎根中国大地，坚持不懈用习近平新时代中国特色社会主义思想铸魂育人，通过不断提高思政课教学针对性和吸引力，有效激活学生的主体性，让创新理论和伟大实践入脑入心，并帮助学生不断提高战略思维、历史思维、辩证思维、系统思维、创新思维、法治思维、底线思维，让思政课成为学生真心喜爱、终身受益的“金课”。培养什么人，是教育的首要问题。作为奋斗在一线的高校教师，出版学院祝璇璇深感责任重大，她表示要牢记立德树人、德育为本的教育理念，培养懂专业知识理论、掌握专业技能、具有国际视野的复合型专业人才，还要帮助学生意识到身上所肩负的使命和责任，成为具有创新精神和实践能,https://www.usst.edu.cn/_upload/article/images/a0/33/3f146d8b47a98d5ccf7f90617afe/30613433-a49f-4a9a-93d4-4d1694ec16ac.jpg
2024.09.12,学校召开党务工作例会,9月11日上午，学校在行政楼212会议室召开党务工作例会。党委书记王凌宇主持会议，党委副书记孙跃东，党委副书记、副校长盛春，党委副书记、纪委书记赵宁出席会议。各党群部门主要负责人、各二级党组织书记，智能科技学院负责人参加会议。会上，党委组织部布置党代会筹备等近期有关工作，党（校）办介绍学校服务促进高质量发展试点方案有关情况，能动学院、理学院、智能科技学院分别做交流发言。校领导孙跃东、盛春、赵宁分别围绕党代会筹备、落实上海高校服务促进高质量发展试点方案等近期重点工作进行部署，并提出有关工作要求。王凌宇作总结讲话。他指出，筹备召开党代会和落实上海高校服务促进高质量发展试点方案都是事关学校未来发展的大事要事。各二级学院是学校发展主体，要以党代会召开和新一轮综合改革试点为契机，敢于先行先试，主动挑大梁，积极开展学院试点建设。要从不断为学校提供贡献力、服务力的角度，深化内部管理体制机制改革，着力提升人才队伍、课程教学、成果转化等与产业发展的匹配度，优化资源投入机制，提升资源使用效率，形成可复制可推广的经验，努力打造面向未来的高等教育内部治理模式。他强调，各二级党组织书记要扛起主责，抓起主业，严肃,https://www.usst.edu.cn/_upload/article/images/9e/74/00e888714d629895dd593b6d21d6/497214e5-2256-4234-9fff-ad6d5c182c58.jpg
2024.09.11,学校开展庆祝第40个教师节系列活动,四十载春风化雨，四十载春华秋实。在第40个教师节来临之际，我校开展了系列庆祝活动，大力弘扬教育家精神，向全校广大教师和教育工作者致以热烈的节日祝福与敬意。一场庆祝盛会让教师节仪式感拉满9月10日下午，以“大力弘扬教育家精神，加快建设教育强国”为主题的上海理工大学第40个教师节庆祝大会暨新进教师入职仪式举行，校党委书记王凌宇，校长朱新远，党委副书记孙跃东，党委副书记、副校长盛春，党委副书记赵宁，副校长栗建华，副校长张华，中层干部、各单位工会负责人、30年教龄教师、获奖教师、新进教师、离退休教师代表等参加活动。健康学院科学与工程学院崔晚词、智能科技学院朱垌烨主持活动。活动现场活动分为“求是创新 科研报国”“乐教爱生 匠心育人”“师道传承 共铸辉煌”三个篇章。第一篇章在《大教育家》视频和沪江教工合唱团、沪江YOUNG VOICE学生混声合唱团带来的《如愿》演唱中拉开序幕。会上，对2023-2024年科研获奖和国家级高层次人才计划获批者进行了表彰。国家自然科学基金优秀青年基金获得者、智能科技学院方心远作为获奖教师代表分享了他的科研求索之路。《如愿》演唱校党委常委、宣传部部长叶磊为2023年度上,https://www.usst.edu.cn/_upload/article/images/1b/29/5e49ca7b48a0930b2e431f4a5268/98a5b90e-cee1-4da8-ad11-2e3e89fb2854.jpg
2024.09.09,学校迎来2024级研究生新同学,9月8日，上海理工大学迎来了4000余名2024级研究生新生，他们的身影为这座百年学府又增添了一抹新的青春色彩。学府新声，逐梦新程，莘莘学子将在这里开启属于自己的研途新章。赴秋约，齐展“新”辉筑蓝图乘秋风赴秋约，“萌新”陆续来报到。温暖贴心的指示牌、精神饱满的志愿者，热烈与美好的迎新氛围，充分展现了校园迎新工作的“精度”与“温度”。2024级研究生新生报到当天，校党委副书记、副校长盛春到各报到点检查新生报到工作，慰问工作人员和志愿者，并详细了解新生报到情况，对新同学的加入表示欢迎与祝贺，并鼓励大家勇于求知探索，树立远大理想，努力书写人生的精彩华章。享秋意，“花式”迎新聚“新”意迎你来“理”，出新更出“心”。在学校对迎新工作的统筹组织和安排下，各学院开启花式迎新，细致准备、周到布置、以心迎新。“开学心愿墙”，健康科学与工程学院、理学院的学子们纷纷寄语未来，无论是职业蓝图、科研梦想还是成长规划，每位同学都在这里写下对自己研究生三年的期许和祝福；“家乡位置标记”，理学院新生们在中国地图KT板上标记家乡，增进彼此了解，让学子们感受到“身在异乡不为客”的温馨。“探寻上理记忆，厚植爱校情怀”，为加,https://www.usst.edu.cn/_upload/article/images/0d/11/58177af7417ca8c9359bd682ceb3/b33c1376-a658-47de-a3fb-8c0623b30810.png
2024.09.06,我校与上海交通大学签署合作协议 探索部市高校联动发展新模式,9月6日上午，上海交通大学与上海理工大学合作交流座谈会暨签约活动在上海交大闵行校区举行。上海市教委副主任刘力，上海交大党委书记杨振斌、校长丁奎岭，上海理工大学党委书记王凌宇、校长朱新远等出席。活动由上海交大党委副书记周承主持。刘力对两所学校签约合作表示热烈祝贺。他指出，此次合作是上海坚持高等教育改革发展“全市一盘棋”，部属和市属协同联动发展的生动体现。他强调，两校要以优化学科布局为先导，紧密对接上海发展需求；以产教融合协同育人为重点，提升高等教育质量；以推动综合改革为突破，不断创新合作机制。他表示，市教委将按照市委市政府部署要求，在政策和资源引导上加大对部属和市属高校联动发展的支持力度。期待上海交大与上海理工大学的合作早日结出硕果，为全市高等教育的协同发展做出表率。杨振斌对出席活动的各位来宾表示热烈欢迎并简要介绍了上海交通大学的发展及办学情况。他表示，上海交大始终与国家发展战略、上海城市发展同频共振、携手共进，相信此次与上海理工大学的合作将形成更大合力，共同为支撑国家和上海实现高水平科技自立自强、更好服务经济社会发展作出更大贡献。王凌宇介绍了上海理工大学办学情况并表示，两校合作是贯彻落,https://www.usst.edu.cn/_upload/article/images/1f/bf/6fd958154782863a70c042edb77f/a758ca43-c53e-4c15-869c-c806e177ff1e.jpg
2024.09.05,推动校产城融合 区校携手共绘科创版图,9月4日上午，杨浦区区长周海鹰率副区长王浩、李奇楠及区政府办公室、区科技经济委、区规划资源局、区卫生健康委、滨江集团相关负责人来校交流，校长朱新远、党委副书记赵宁、副校长张华会见，党委（校长）办公室、科技发展研究院、跨学科创新研究院、规划发展处、后勤管理处、基建处负责人参加交流座谈。,https://www.usst.edu.cn/_upload/article/images/54/97/c71c7d1d4114b704da5376ef80e8/d6da8d27-5230-4b65-8156-6951d2bb0be5.jpg
2024.09.05,深化改革再出发 以能力和贡献服务促进高质量发展,9月4日，学校在大礼堂召开2024年秋季学期干部教师大会，全体在校校领导出席，全体中层干部、二级办学机构负责人、学科负责人、科级干部和专技负责人、民主党派负责人、无党派人士代表、辅导员与会，会议由校长朱新远主持。校党委书记王凌宇从深化高等教育综合改革、优化学科专业布局和招生结构规模、人才培养模式和课程教学改革、人才发展和人事管理改革、提升高校支撑高水平科技自立自强和服务经济社会发展能级、综合服务保障及资源配置、巡视整改等七个方面传达了2024年秋季上海高校党政负责干部会议精神。朱新远作工作部署和动员。他分析了当前的形势与方位，指出教育、科技、人才协同推进、一体发展的系统观，要求我们跳出教育看教育，推动教育与科技、产业互融互促，使教育成为国家创新能力和创新体系建设的重要组成部分；在上海“五个中心”的总体定位中，我们尤其要不断提升创新策源能力能级、培养高水平创新人才，为上海科创中心建设提供重要支撑；上海理工大学作为市属高校勇担教育强国重要使命，答好“强国建设，上理何为”的时代课题。他对学校工作进行了部署，指出高等教育已进入强调“服务能力和贡献程度”的新阶段，我们要以“一体两翼”（即以全面提,https://www.usst.edu.cn/_upload/article/images/e9/f9/8ab86081472b81853d097fe090ec/b4b85e36-607e-4a19-93c4-6b4ac1661ce5.jpg
2024.09.03,校领导带队开展新学期开学准备工作检查,近日，为确保2024年秋季学期开学各项工作有序开展，校党委书记王凌宇，校长朱新远，党委副书记、纪委书记赵宁，副校长蔡永莲、张华、岳海洋分别对新学期开学准备工作进行了全面检查。党（校）办等相关部门负责人陪同参加。校领导一行走访了行政楼和大学生活动中心，深入刚刚完成搬迁的各职能部门，了解搬迁和工作开展情况。根据学校整体发展规划，20个行政职能部门办公场所在今年暑期完成整体搬迁工作。面对时间紧、部门多、任务繁杂等多项挑战，副校长岳海洋召集后勤管理处、党委（校长）办公室、规划发展处、基建处、规划处、资产设备与实验室管理处、信息化办公室、财务处、出版学院等多部门联合组成工作小组，自7月5日至8月28日，通过群策群力、通力合作，有序地圆满完成了本次的办公场所搬迁、设施设备调试启用和公共空间布置等各项工作。校领导还走访了公共服务中心、格致堂、基建处楼、先进制造大楼和图书馆等地。走访过程中听取了相关负责人开学准备工作的汇报，对新学期各项准备工作给予了肯定，对发现的问题提出了针对性整改意见。副校长蔡永莲前往复兴路校区，查看各部门人员在岗情况，对有关部门开学各项工作进行检查。供稿：党委（校长）办公室,https://www.usst.edu.cn/_upload/article/images/93/70/5f1458474ca7a2c3e8033955babe/c9904b8b-d049-4da8-b6ff-da9d8da54dc5.jpg
2024.09.02,学校召开新学期安全稳定工作专题会议,9月2日上午，学校在行政楼601会议室召开新学期安全稳定工作专题会议，校党委书记王凌宇，副校长岳海洋出席会议。党（校）办、宣传部、教务处、教工部（人事处）、学生处、研工部、研究生院、保卫处、资产处、后勤处、国交处、基建处、信息办等部门负责人参加会议。会上，各部门负责人分别汇报了近期安全稳定工作的进展情况，并就下一阶段的重点任务进行了交流讨论。岳海洋针对新学期的安全稳定工作，就学生安全、师德师风、校园管理、压实责任、部门协作等方面提出要求。王凌宇传达了市教委会议精神，并对新学期学校的安全稳定工作提出了三点要求：一是要提高政治站位，强化安全稳定意识，提升政治判断力、领悟力和执行力，做好党政协同，确保安全稳定工作落实落地；二是要及时回应诉求，领导干部要顶得上、托得住、担得起，主动作为，深入调研，以系统性思维解决问题；三是对于特定对象和事件，必须做到及时、公正、规范处理，完善闭环管理体系。各重点责任部门要做好管理和服务工作，强化协作，确保信息畅通，形成维护校园安全稳定的强大合力。会议现场来源： 党委（校长）办公室,https://www.usst.edu.cn/_upload/article/images/92/5a/03cc73e24cc784b9b8baee2beb0b/6ed3b82c-0108-49ad-af5b-07b5cc8270c1.jpg
2024.08.31,为未来而来！努力写好青春新答卷,双向奔赴的“见面礼”、考了同一分数的双胞胎、多管齐下的专业教育、师生似网友间的相见……2024级本科新生与上理校园的初次见面惊喜满满。8月31日，4000余名上理萌新带着对美好未来的憧憬和希冀迈入大学校园，开启一段探索无限可能的青春旅程。截至下午6时，上海理工大学2024级本科新生报到率已达97%。“新”意满满的见面礼链接历史与现在棕红色皮质封面上印着“信义勤爱”“沪江建筑系”的字样，内页是一张张黑白老照片和一件建筑系毕业生的毕业设计……来校报到的第一天，中德学院新生李恩霖和妈妈陈萍一起，将这本珍贵的1945年沪江建筑系毕业纪念册捐赠给学校档案馆。新生李恩霖将1945年沪江建筑系毕业纪念册捐赠给学校档案馆“这本纪念册的主人是沪江大学建筑系校友沈懿平先生，穿越了近80年的光阴，我也来到上理工读书，觉得是特别的缘分，就和爸妈商议后，将它作为入学的礼物无偿捐赠给学校。”李恩霖介绍，纪念册中的大学生西装笔挺、风华正茂，这份精气神也激励着自己，希望在上理工这座历史悠久的校园里踏实学习，以老学长学姐们为榜样，努力干出自己的成绩。学校与新生双向奔赴互赠纪念品，让历史与现在有了呼应：精美原创的亚克力钥,https://www.usst.edu.cn/_upload/article/images/8b/13/970729134d14a836956b1b850355/133f5f54-6b26-4ce3-909b-5f27c18839c6.jpg
2024.08.29,中国建设银行上海市分行来访,8月27日上午，中国建设银行上海市分行党委书记、行长刘军，党委委员、副行长周捷等来校访问交流。校长朱新远、副校长岳海洋会见刘军一行，党(校)办、财务处、管理学院等相关负责人参加座谈。刘军对上海理工大学长期以来的支持与信任表示感谢，并介绍了建行上海分行在服务高校人才培养、产教融合、促进就业等方面的工作。他表示，聚焦科技金融是建行的重点发展方向，已发布的科创“从0到10”金融方案专门服务于上海市的科技创新。建行上海分行将成立专班重点服务上海理工大学，希望双方充分发挥彼此优势，在智慧校园、人才培养、金融服务等方面开展深度合作，为上海金融事业高质量发展做出更大贡献。朱新远对刘军一行的来访表示热烈欢迎，并回顾了校银双方在人才培养等方面的合作情况。他表示，上海理工大学作为一所理工科特色鲜明的高校，一直高度重视科技创新。作为战略合作伙伴，双方合作渊源深厚、合作潜力巨大，希望双方共同开展科技金融合作模式的探索，助力学校打造活跃的科技成果转化生态，赋能金融事业发展，在科技创新服务社会经济主战场取得更大突破。岳海洋表示，希望双方携手，不断提升校园服务保障能级，持续提升师生的获得感、幸福感和安全感。双方就数,https://www.usst.edu.cn/_upload/article/images/a4/bd/e4b58b584941b33b112ef72ea81b/a0ab0009-4585-4345-838a-fc3d5031c5a3.jpg
2024.08.29,【筑梦一夏】上理校园改造“暑期档”，走“新”又走“心”,云天收夏色，木叶动秋声。2024年的暑期接近尾声，暑热也收敛了锋芒，但在与持续高温奋战的日子里，上理人始终坚守岗位，抓紧假期改造的黄金期，推进校园基础建设、修缮学生寝室、改造食堂档口……校园环境焕然一新，师生学习工作生活条件不断优化，让上理以更美丽的面貌、更温馨的环境来迎接新学期的到来。暑期的上海理工大学焕然一新的“上理家”院系办公研究楼、教学及创新创业楼完成全部收尾工作，体育健身中心室外足球场、地下车库投入使用……今年，总建筑面积达7.6万平方米的军工路516号校区改扩建工程将全面竣工投用。备受关注的军工路1100号校区改扩建工程也在这个暑期火热推进：新建1幢教学综合楼、3幢学生宿舍楼、1幢图书馆及行政综合楼及地下车库，共计近6.2万平方米，目前各单体地下工程桩、围护桩工程基本完成，全部工程完工后基础学院教学办公及学生生活条件将得到根本改善。院系办公研究楼、教学及创新创业楼投入使用1100号校区改扩建工程各单体地下工程桩、围护桩工程基本完成除了新建工程，军工路校区北区电力改造工程、东方泛血管器械创新学院建设工程、复兴路校区图文阅览中心维修工程、沪江大学近代建筑保护修缮一期……总建筑建,https://www.usst.edu.cn/_upload/article/images/c4/e7/2900415a48129bfa10a3e2a88c4b/f5c524fb-4c63-48d3-bca0-2d79d2152e92.jpg
2024.08.29,中国残疾人联合会前主席张海迪一行访问我校,8月25日上午，中国残联前主席张海迪女士在中国残联副主席张银良、中国残联国际合作部副主任杨虹、中国残疾人辅助器具中心主任孔德明、上海市残疾人联合会理事长杜松全等陪同下访问我校。校长朱新远热情接待了张海迪女士一行，副校长张众、科技发展研究院院长刘宝林、健康科学与工程学院党委书记姚秀雯、智能康复工程研究院院长喻洪流教授等陪同会见。会见中，张海迪女士首先感谢受邀访问上海理工大学。她表示，康复科技对残疾人福祉事业具有重要支撑作用，未来应该更多地以科技来温暖及帮助残障者，而科技应该与哲学人文相结合，研发出更有温度更体现人性关怀的康复辅助器具产品。上海理工大学在智能康复设备的研发与人才培养方面取得了可喜成果，希望上海理工大学为残疾人康复事业不断做出新的贡献。朱新远对张海迪女士访问我校表示热烈欢迎，对张海迪女士推动康复科技服务残障人群所取得的成绩表示钦佩。他简要介绍了上海理工大学的概况以及近年来加强医工交叉研究、支持康复工程学科与专业发展的情况。他表示，非常赞同张海迪女士的观点，后续学校将进一步加强康复科技与人文学科交叉，支持康复工程学科方向发展，更好地为康复事业贡献上理力量。随后，张海迪女士一行来,https://www.usst.edu.cn/_upload/article/images/4a/55/0f09d5e54097a2f11c441a7e2c78/2a2ab618-41c7-4184-a194-d2cad4c6aeae.jpg
2024.08.26,我校获107项国家自然科学基金项目,8月23日，国家自然科学基金委员会公布了2024年度国家自然科学基金项目评审结果。上海理工大学获批107项，获批数创历史同期新高，资助金额再次突破5000万。此次获批项目囊括了优秀青年科学基金、重点、面上、青年科学基金、外国学者研究基金和国际(地区)合作与交流等，与往年相比，在项目多元分布的基础上，质量有较大程度提升。其中，近三年引进教师（含博士后）立项58项，占比达54.21%。国家自然科学基金聚焦基础、前沿、人才，注重创新团队和学科交叉，为全面培育我国源头创新能力做出了重要贡献，在促进基础学科建设、培养优秀青年科学家等方面发挥着极其重要的作用，因此基金的获批情况也是衡量高校前沿创新能力和科研管理水平的重要标志之一。我校一直以来高度重视国家自然科学基金申报和管理工作，号召全校科研人员以服务国家战略需求和社会发展为目标，坚持“四个面向”，结合学校优势学科和重点发展领域，开展前沿基础和跨学科创新研究。为做好我校2024年度国家自然科学基金申报工作，学校全面布局，相关职能部门和二级单位积极动员，通过申报动员大会经验分享，多轮选题优化论证，提高申报数量，强化申报质量；同时积极推进科研院-二级,https://www.usst.edu.cn/_upload/article/images/f3/1c/062eebba457188966b809126568b/fdf9efb7-d9cc-42e7-9a2f-ff23e596a9e2.jpg
2024.08.26,我校完成2024年本科招生工作,在这个充满希望与梦想的季节，我校以饱满的热情和严谨的态度为2024年本科招生工作画上了圆满的句号。本次招生工作，不仅是一场知识与梦想的汇聚，更是上海理工大学与全国优秀学子之间的一次深情对话与美好约定，4000多名新生将在现代感与历史感交相融合的上理校园相会，开启他们的大学之旅。学校各部门对本科招生工作高度重视，积极协调资源，为招生工作提供强有力的保障。招生录取期间，副校长张华亲临现场指导录取工作，确保招生工作严谨有序、高效推进。学校招生工作监察小组对招生录取工作全过程进行监督。招生工作人员坚持公平公正原则，严格遵守国家招生政策与学校招生章程规定，规范录取工作的每一个环节，确保整个录取流程准确无误。在全校各学院及各部门通力协作下，招生工作取得显著成效，彰显了我校作为教育高地的强大吸引力和影响力。2024年我校在30个招生省份（市、自治区）共录取本科新生4008人（含春季招生、国家专项等），另录取华侨港澳台联招5人、少数民族预科班57人。今年上海理工大学在全国各省市的招生情况呈现良好态势，总体生源质量优秀。上海市生源中，来自市重点高中的考生超五成，来自区重点以上高中（含市重点高中）的考生超,https://www.usst.edu.cn/_upload/article/images/16/d2/f1e237da4dcf8a6b3bd07c8ea8d7/efa5b929-deab-4a5b-9636-1fbdca8e457a.jpg
2024.08.26,2024国际康复工程与辅助技术大会暨首届世界康复机器人大会在沪开幕,8月23日上午，第17届国际康复工程与辅助技术大会暨世界康复机器人大会在上海市杨浦区盛大开幕。本次大会会期8月23日-26日，由亚洲康复工程与辅助技术联盟、中国康复辅助器具协会与上海理工大学共同主办，全球最大学术组织IEEE技术主办，中国康复医学会、中国生物医学工程学会、中国残疾人康复协会及世界康复联盟共同协办，中国康复医学会康复工程与产业促进专委会、中国康复辅助器具协会康复器械专委会、上海市康复器具协会、上海康复器械工程技术研究中心、中医智能康复教育部工程研究中心及上海市生物医药产业促进中心联合承办。亚洲康复工程与辅助技术联盟候任主席喻洪流教授担任大会主席。大会现场群英荟萃，唱响康复新声音！  出席本次大会汇聚了来自哈佛大学、牛津大学、帝国理工学院、加州伯克利大学、哥伦比亚大学、瑞士苏黎世联邦理工学院等20多所国际顶尖高校以及国内50多所知名高校的300余位重量级专家学者，国内外的知名企业家、康复同行等1000余人出席大会。中残联前主席、康复国际主席张海迪亲临大会现场指导。康复国际（RI）组织主席张海迪致辞  开幕式上，中国工程院庄松林院士，中国科学院褚君浩院士，世界半机械人运动,https://www.usst.edu.cn/_upload/article/images/f2/56/25b67a2e43799b0402b3b09f0eae/7965df64-e110-40a2-ab28-21b2e3ab0e0d.jpg
2024.08.25,上海高校红色文化育人联盟理论研讨会在我校召开,为深入贯彻落实党的二十届三中全会和习近平总书记考察上海重要讲话精神及上海市委部署要求，紧紧围绕建设习近平文化思想最佳实践地的目标任务，助力高水平推进“党的诞生地”红色文化传承弘扬工程，8月23日，上海高校红色文化育人联盟第一届论坛——“高校红色文化育人的时代价值与实践路径”研讨会在上海理工大学举行。上海市教卫工作党委宣传处领导、长三角地区红色文化研究专家学者以及上海高校红色文化育人联盟单位代表齐聚一堂，共同深入探讨红色文化育人的新理念、新格局、新机制、新范式。研讨会现场上海理工大学党委副书记孙跃东致欢迎词。他指出，上海理工大学作为联盟秘书单位，将以本次研讨会为契机，凝聚智慧，汇聚力量，努力构建校校、馆校、区校交流合作平台，完善红色文化协同育人机制，为上海高校系统性构建红色文化育人资源体系、创新性开展高校红色文化育人实践、协同性推进红色文化大众传播提供服务与保障。上海理工大学党委副书记孙跃东致欢迎词研讨会分主论坛与分论坛两个环节。主论坛由上海理工大学党委常委、宣传部部长叶磊主持。上海市第十六届人民代表大会法制委员会主任、上海市社科联副主席徐建刚教授，复旦大学党建研究院院长、党内法规研究中,https://www.usst.edu.cn/_upload/article/images/a0/49/fe10e68e45efb86cfecf0dac8d6b/26ad9ab3-e7f5-463f-b01c-a8cfdb9aae96.jpg
2024.08.24,上海理工大学领导班子召开暑期务虚会,8月23日，上海理工大学党政领导班子用一整天时间召开务虚会。会议聚焦贯彻落实党的二十届三中全会精神和十二届上海市委五中全会精神，分析研判学校事业高质量发展的面临形势、突出问题，并就进一步解放思想、深化学校综合改革，以体制机制的改革创新激发办学活力，为国家战略和上海发展所需贡献更大上理力量等方面进行深入研讨。各有关职能部门负责同志作专题汇报，校领导班子成员依次交流发言，校长朱新远讲话，党委书记王凌宇主持会议并总结讲话。党委（校长）办公室、本科生院、人事处、科研院、学生处、研究生院、资产处、后勤处、国际交流处、规划发展处等部门相关负责同志先后汇报，就学校第九次党代会党委工作报告的起草工作、规划引领事业发展、人才培养模式改革、人事制度改革、科研范式改革、高水平对外开放、内部治理改革等方面的工作情况和思考建议作了专题汇报。校领导孙跃东、盛春、赵宁、朱坚民、蔡永莲、赵明、张华、栗建华、张众、岳海洋等围绕党的二十届三中全会精神和十二届上海市委五中全会精神，结合分管领域工作，深入分析当前高质量发展的瓶颈问题，并就如何进一步深化综合改革、激发办学活力等作了交流发言。校领导们坚持目标导向和问题导向相结合,https://www.usst.edu.cn/_upload/article/images/30/0f/4fdccc2f43098480793ae72b6ede/e199f59b-fa1f-4f6b-a789-460f087df90c.jpg
2024.08.21,校长朱新远深入各院士团队走访调研,8月7日至19日，校长朱新远先后深入庄松林院士团队、藤岛昭院士团队、顾敏院士团队以及窦世学院士、刘化鹍院士团队走访调研并亲切慰问团队成员。通过实地走访、听取汇报、座谈交流等多种形式，朱新远详细了解各院士团队发展现状、优势特色以及未来规划，彰显了学校对高层次科研人才的高度重视。党委（校长）办公室副主任何建佳陪同调研。8月7日下午，朱新远首先与庄松林院士开展座谈交流，并调研光电信息与计算机工程学院，学院班子成员参加调研。庄松林院士对朱校长的到来表示热烈欢迎，并表示学院将进一步明确高质量发展方向，推动各项工作再上新台阶。朱新远指出，新时代新形势下有新要求、新任务，学院要继续保持和发扬优良传统，不断创新工作思路和方法；要牵住发展“牛鼻子”，取得国家级重大平台、国家奖等重大成果的突破；要善于发挥优势、聚焦特长，不断向外拓展资源和扩大影响力；要加强内涵建设，主动求变、科学应变，通过体制机制改革和制度创新，凝聚高端人才、培育高水平创新团队、陶铸科学帅才，实现跨越式高质量发展。8月8日下午，朱新远与藤岛昭院士进行交流座谈，并对光化学与光材料研究院进行调研。藤岛昭院士表示，非常感谢学校的支持和关心，我个,https://www.usst.edu.cn/_upload/article/images/04/9b/4cd6b1624035bf1ff78130ffc26d/b38e075e-c516-47c9-b28e-d2ab5af7136d.png
2024.08.19,【筑梦一夏】勤学善做 在社会大课堂中探索成长,走进地方企业深入调研，切身感受数智劳动赋能时代进步；怀抱可持续发展理念，开拓盐碱地水产养殖新方案；挖掘智能驱动新需求新趋势，以绿色助力发展；点燃志愿微火，为材料科普教育添砖加瓦......这个暑期，上理学子将所学的专业知识延展到各项社会实践中，以青年的热情与担当在社会大课堂中探索成长。激活科研创新力 挖掘“蓝色粮仓”发展能量在宁夏石嘴山市的盐碱地区贺兰山脚下，有一群渴望尽自己专业所学，为盐碱地的改良利用提供新思路、为乡村振兴战略尽份力的上理学子，他们与当地养殖户分享经验，实地考察养殖基地，积极探讨技术发力方向，落实水产养殖相关问题，并成功发现了一种能够发生群体感应效应的微杆菌，可用于之后的科学研究。环建学院“贺兰山下的蓝色粮仓”团队负责人杨子桐表示，即使在课堂上学习了丰富的环境工程原理与生物化学知识，但当真正置身于应用现场，才发现理论知识往往是在理想条件下构建的，而实际生产中还会面临着诸多不确定因素和多变的环境条件，这都需要我们大学生具备迅速判断和灵活应对的能力，而这正是外出实践活动的意义之一。在处理南美白对虾养殖池难题时，团队成员发现，弧菌会分解沉积在养殖池底部的有机质，并产生有害物,https://www.usst.edu.cn/_upload/article/images/29/00/f62712804b1aadf1d8bd5d14f822/d090b6b4-02fe-489d-b12e-b92c37a762c7.jpg
2024.08.15, “公共外交译丛”及《法治中国》新书亮相2024上海书展,新时代的公共外交如何服务于解决全球治理中的问题？如何更好地讲好中国故事、提升中国的国际形象和话语权？面对这些时代命题，上海公共外交研究院在译著出版和著作撰写上进行了积极尝试。8月14日下午，在2024上海书展首日，研究院联合上海人民出版社在上海展览中心中心活动区举办了“公共外交连四海 法治中国砥砺行——‘公共外交译丛’、《法治中国：从上海世博会到进博会的探索实践》新书发布会”。由上海公共外交研究院策划的国内首套“公共外交译丛”的最新译著《人类社会的跨界者》《外交礼物：50件礼物中的历史》和全国政协常委、上海公共外交协会会长、上海公共外交研究院理事长周汉民主编的《法治中国：从上海世博会到进博会的探索实践》集体亮相。发布会展出书目周汉民出席发布会并发表主旨演讲。上海公共外交协会、上海理工大学、上海公共外交研究院、上海人民出版社等单位的相关负责人与会。我校党委书记、上海公共外交研究院副理事长兼院长王凌宇携外语学院、沪江学院等部门的相关负责人和教师代表出席。发布会由上海人民出版社副社长、副总编辑范蔚文主持。周汉民介绍了“公共外交译丛”和《法治中国》的理论价值和现实意义。首先，《法治中国》一书详,https://www.usst.edu.cn/_upload/article/images/3f/f3/e6645d124c37a18cc02c28e79209/b41fa624-8a81-4b69-a08e-9dfeb397696d.jpg
2024.08.12,【筑梦一夏】逐梦未来 上理学子扬帆起航再出发,科研道路如何走深走扎实？怎么面对投递简历没有回应、面试屡屡被拒？不确定最终是否能找到心目中的职位“最优选”怎么办？这个毕业季，让我们一起到上理学子寻觅“位”来的实践中找答案。,https://www.usst.edu.cn/_upload/article/images/26/fa/db73fd824662a404d6b830198ad9/d7d41a29-3375-4b39-aa39-f3beb9e410df.png
2024.08.09,​英国萨里大学校长逯高清院士一行来访我校,8月8日上午，应窦世学院士、刘化鹍院士邀请，英国皇家工程院院士、中国科学院外籍院士、英国萨里大学校长逯高清一行来访我校，与能源材料科学研究院开展交流座谈并作学术报告。校长朱新远在校办101室热情会见了逯高清院士一行，对逯院士来我校开展学术交流并指导相关学术工作表示热烈欢迎与衷心感谢，并向逯院士介绍了学校基本情况、相关学科专业建设、学术活动与科研工作情况。党委（校长）办公室副主任何建佳、能源与动力工程学院副院长苏明旭及能源材料科学研究院相关负责人参加会见。双方合影朱新远陪同逯高清一行前往先进制造大楼，参加能源材料科学研究院主办的上海理工大学沪江材料科学大讲堂。逯院士为师生带来题为“用于绿氢生产和储存的功能纳米材料”（Functional Nanomaterials for Green Hydrogen Production and Storage）的学术报告。报告会由能源材料科学研究院副院长吴超教授主持，能研院及相关学院近7800名师生线上线下聆听了报告。逯院士围绕未来清洁能源的出路，介绍了功能性纳米材料用于规模化绿氢生成、储存和输运的最新研究和发展，并就关键技术成果转化和实际应用进行了,https://www.usst.edu.cn/_upload/article/images/77/e2/cd9c08f44a87bc7c10d55ee7c2b3/9ecd80a4-fb8a-4761-a103-04b86fbd15bd.jpg
2024.08.06,中共上海市委决定朱新远同志任上海理工大学党委副书记、校长,7月30日上午，上海理工大学校领导班子调整宣布会议举行。会议宣布了中共上海市委决定，朱新远同志任中共上海理工大学委员会副书记、上海理工大学校长，丁晓东同志不再担任中共上海理工大学委员会副书记、上海理工大学校长职务。宣布会现场市委组织部常务副部长曹远峰同志出席会议并讲话，市教卫工作党委书记沈炜同志主持会议。市委组织部宣教科技干部处副处长张持同志宣读了市委关于干部任免决定。党委书记王凌宇和党委副书记、校长朱新远及原党委副书记、校长丁晓东同志分别作了表态发言。市委组织部、市教卫工作党委有关部门负责同志、上海理工大学领导班子成员、全体中层干部及有关方面代表等参加会议。供稿：党委（校长）办公室党委组织部,https://www.usst.edu.cn/_upload/article/images/67/58/84fad6984107aa2f79299db930ef/40f903ca-5b38-4f5f-9ddb-9b75c1defb4a.jpg
2024.08.06,2024工合夏令营结营仪式在上理工举行,8月4日，由上海展望计划公益促进中心、美国海伦福斯特斯诺基金会联合主办，上海理工大学沪江学院承办，中国工合国际委员会协办的2024工合夏令营（Camp Gung Ho）的上海部分行程，在我校音乐堂举办了结营仪式。全国政协常务、上海公共外交协会会长周汉民，我校党委副书记、校长朱新远，中国美国商会主席谭森（Sean Stein )，日本国际协力中国事务所长竹内和夫（Takeuchi. Kazuo），上海公共外交协会副会长祝伟敏，上海市文联副主席、上海电视艺术家协会主席滕俊杰，上海展望计划公益促进中心理事长符钢战，上海教育国际交流协会秘书长李维平，中国工合国际委员会相关领导以及为此次夏令营提供多方支持的企业和组织相关负责人出席了仪式。我校沪江学院党总支书记、常务副院长陈红，副院长朱慧锋以及五十余名美国师生和8位理工学生志愿者一同参加了此次结营仪式。结营仪式以一段视频，让到场嘉宾与学生一起回顾了2024工合夏令营的所有行程。四十六名来自美国的营员和七名美国工作人员，在中国度过了难忘的十三天，他们不但体验了中国的美食、文化和美景，也与来自社会各个维度的不同人士进行了深入的交流，美国学生与来自中国,https://www.usst.edu.cn/_upload/article/images/cb/b8/24663bce45f88e06c9a49b350e90/d87567d6-93f3-40b1-bfda-499a5e31a359.jpg
2024.08.05,【筑梦一夏】上理青年以青春之名，赴红色之约,从思政书本到实践基地，从挖掘红色故事到创新宣传方式，这个暑期学校近50个实践团队走进革命遗址、红色场馆，带着对历史的敬畏和对青年责任的深刻认识，开启了红色研学之旅，在传承红色基因中激发创新创造伟力。,https://www.usst.edu.cn/_upload/article/images/a5/ed/23885ae04ae5ab14eca47b804b4d/f2e7f3d8-58a0-483a-a24b-54b82debdb57.jpg
2024.07.30,上海市财政局一行来校调研,7月29日上午，上海市财政局副局长郑长林、教科文处处长吴非，市教委财务处二级调研员毕昇华等来我校调研。校长丁晓东、总会计师赵明、副校长岳海洋出席座谈会。科技发展研究院、保卫处、财务处、大学科技园等相关部门负责人参与调研。会上，丁晓东对郑长林一行的到来表示热烈欢迎，并对市财政局、市教委一直以来关心支持学校发展表示感谢。丁晓东详细介绍了学校办学整体情况。他指出，上海理工大学近些年来立足自身学科优势，直面行业关切，将建设特色显著的一流理工科大学作为目标，当前全校正在加快高水平大学建设，深入实施高质量发展三年计划，围绕服务国家和上海重大战略需求，各项事业取得了长足进步，希望能继续得到上海市委市政府的大力支持。郑长林对上海理工大学近年来在高水平大学建设上取得显著成绩给予了高度肯定。他表示，上海理工大学特色鲜明，在学校建设等方面开展了有益的改革探索，希望未来学校发展不断取得新突破，为上海市教育事业高质量发展做出贡献。会上，岳海洋就学校物业管理经费和岗位等工作有关情况进行了介绍，大学科技园总经理李双全汇报科技园建设有关情况。座谈会前，郑长林一行参观了上海高端医疗装备创新中心、智能制造实验室和机器智能,https://www.usst.edu.cn/_upload/article/images/03/6f/b329ca5f470b9c7be52c75dc8fec/3094e941-c0cb-435f-9707-2a72753f5d30.jpg
2024.07.25,上海理工大学召开党委常委会传达学习党的二十届三中全会精神,7月24日，校党委常委会召开专题学习会，传达学习党的二十届三中全会精神，研究学校贯彻落实举措。党委书记王凌宇主持会议并传达全会精神。校领导班子成员围绕各自分管工作，就深入学习贯彻党的二十届三中全会精神进行了讨论交流。大家一致认为，党的二十届三中全会是在以中国式现代化全面推进强国建设、民族复兴伟业的关键时期召开的一次十分重要的会议，具有划时代意义。全会科学谋划了围绕中国式现代化进一步全面深化改革的总体部署，振奋人心、催人奋进。全会通过了《中共中央关于进一步全面深化改革、推进中国式现代化的决定》，是党的历史上又一纲领性文献。习近平总书记在全会上发表的重要讲话，深刻阐述了进一步全面深化改革、推进中国式现代化的重大意义、总体要求、重要举措、根本保证等重大问题，具有很强的政治性、思想性、指导性，为我们今后的工作指明了方向、明确了路径，提供了遵循。要自觉把改革放在更加突出的位置，持续在教育综合改革、科技体制改革、人才发展体制机制改革、开放办学改革、资源配置改革等重点领域和关键环节破题，营造浓厚氛围，树立正确导向，注重系统集成，提升改革实效，为实现中国式现代化贡献上理力量。党委副书记、校长丁晓东，副,https://www.usst.edu.cn/_upload/article/images/da/f2/712898f04bbda821a67dfe8a4662/a0f6b7f8-3407-4bc1-93c9-81dca884777a.jpg
2024.07.25,学校与上海电机学院签署共建协议,7月23日上午，上海理工大学与上海电机学院关于共建航空智能材料与结构研究院协议签署仪式在上海电机学院临港校区行政楼会议室举行。上海理工大学校长丁晓东、副校长张众，上海电机学院党委书记鲁雄刚、院长龚思怡、副院长杨俊杰及相关校领导，双方相关部门和学院负责同志参加活动。张众、杨俊杰代表双方签署共建协议，丁晓东、鲁雄刚、龚思怡共同见证。签约仪式根据协议，鉴于双方紧密的合作背景，为共同助力临港、上海建设成为我国民用航空产业创新发展的重要承载区，上海理工大学与上海电机学院将充分发挥各自的学科科研、师资队伍、区位优势，通过共建航空智能材料与结构研究院，推动在协同创新、团队建设、人才培养等方面深度合作，促进重大科研成果转化应用以及产业基础高级化和产业链现代化。签约仪式后，丁晓东围绕“高等教育高质量发展思考与行动”作主题报告。丁晓东作主题报告签约仪式前，在上海电机学院领导陪同下，丁晓东一行参观了机械学院实验室、氢能中心实验室及材料视界实验室等。供稿：党委（校长）办公室,https://www.usst.edu.cn/_upload/article/images/f4/18/716f01ed4254bac41d4db54b49b3/3789f5a4-11db-42ca-9742-b32689e6d6cd.jpg
2024.07.23,【筑梦一夏】向卓越发力，奏响当“夏”奋进曲,“上课堂”“下企业”开展微专业学习，开启研学之旅“触摸”科技前沿，在暑期学校交流互鉴……这个暑假，上理学子把满腔热忱与激情转化为前进动能，在校园内外广阔的舞台上留下奋进的故事。身临“企”境，紧贴“行情”开展研究探索参观公司电池生产工厂、做电池充放电实验、用MATLAB软件进行编程构建拟合曲线估算电池容量……在经过两周理论学习与课内实践后，“智能绿色车辆”研究生微专业学员张文天带着“动力电池性能检测、残值评估与梯次利用”课题，正在位于安徽芜湖的嘉奇能源科技有限公司进行为期两周的岗位实践。他感慨道：“在校企双方导师的带教下，我们直观了解了电池企业的生产状况、零距离学习行业知识，并在帮助嘉奇公司解决实际问题的过程中增强了创新能力和实操能力。”“智能绿色车辆”研究生微专业学员在嘉奇公司进行岗位实践“‘智能绿色车辆’研究生微专业突破传统的人才培养模式，首次走出上海，使研究生零距离接触企业，围绕企业实际需求开展研究探索，是推进企业创新发展和培养高质量人才的有效路径。”校长丁晓东在校外集中实践开班仪式上表示，研究生微专业是上海理工大学为适应新时代需求、全面提升研究生培养质量推出的新举措，旨在把研究生,https://www.usst.edu.cn/_upload/article/images/7a/bd/1ed677734acbb024daf030e7a98e/b28ffffa-b074-4231-ba22-df93a9978af4.jpg
2024.07.20,学校举办2024年“新全球化时代的中西哲学与中华文化海外传播”国际研讨会,​为积极响应传承中华优秀传统文化、加强国际传播能力建设、提升中华文明全球影响力的号召，上海理工大学与上海市外文学会于7月18日至20日举办“新全球化时代的中西哲学与中华文化海外传播”国际研讨会。本次大会是上海理工大学外语学院建院45周年首项学术活动，由外语学院承办，（中国）中外语言文化比较学会、上海外语教育出版社、《中国比较文学》编辑部和《上海理工大学学报（社科版）》编辑部协办。这是一次依托上海理工大学百年办学文脉，将哲学、文化和文学深度融合的学术盛宴，汇聚了来自中国、美国、英国、加拿大等多国相关领域的百余名专家学者和师生代表，共同研讨在新全球化背景下中西文化的互动、互鉴与传播新路径，旨在推广中国哲学智慧，增强中华传统文化在国际舞台上的影响力和感召力，促进新时代全球文化的和谐共生与繁荣发展。,https://www.usst.edu.cn/_upload/article/images/4e/af/bf8c3217408a8d10155ef171f7ab/72d92347-0057-4aa8-bfbf-aafd9e6e1488.jpg
2024.07.19,校领导暑期校园安全检查及“送清凉”慰问,7月18日上午，校党委书记王凌宇、校长丁晓东、党委副书记盛春、总会计师赵明、副校长岳海洋一行深入校园各处，实地查看一线教职员工的工作情况，开展了暑期校园安全检查及“送清凉”慰问工作。党委（校长）办公室及相关部处负责人陪同参加。校领导先后检查了北三宿舍、第一食堂、图书馆、保卫处监控中心、分析测试中心电镜中心、1100号校区改扩建工程工地和516号校门岗，并为坚守在工作岗位的教职员工送上防暑用品。校领导深入了解在岗员工的健康状况和工作负荷，对他们在炎热天气下依旧坚持在工作岗位上的敬业精神表达了感谢，并一再强调，全体员工应积极采取防暑措施，保证自身的健康安全，同时也要确保安全生产，以最佳的状态服务于广大师生，共同为学校的发展贡献力量。学校还安排了相关负责同志慰问复兴路校区暑期在岗的工作人员。,https://www.usst.edu.cn/_upload/article/images/ef/56/5587cd7a4d8ab15cd57e62f26a12/395d791a-f50a-46f8-a2fc-d6c1b80c3a0f.jpg
2024.07.19,党的二十届三中全会精神在学校干部师生中引发热烈反响,党的二十届三中全会7月15日至18日在北京召开，对进一步全面深化改革、推进中国式现代化作出战略部署。全会提出了一系列新概念、新观点、新论断，在我校干部师生中引发热烈反响.在“三位一体”协同发展中抓住变革机遇全会提出，教育、科技、人才是中国式现代化的基础性、战略性支撑。必须深入实施科教兴国战略、人才强国战略、创新驱动发展战略，统筹推进教育科技人才体制机制一体改革，健全新型举国体制，提升国家创新体系整体效能。这为广大教育工作者指明了奋斗方向。规划发展处处长宇振盛表示，对于上海理工大学来说，目前也是深化改革、扩大开放的关键时期。今年是学校实施高质量发展三年行动计划的起始之年，是落实“十四五”事业发展规划的关键一年，我们要以更大的决心推进办学体制机制改革，以更大的力度扩大对内对外开放，把每一个办学主体打造成最具活力的细胞，让每一位师生激发出投身事业发展的最大活力，在建设特色显著的一流理工科大学的征程上奋勇前进。认真读完全会公报，管理学院党委书记马静波充满信心：全会展现了中国进一步全面推进改革开放的坚定决心，也展现了中国共产党带领中国人民实现中国式现代化的决心。一系列全面深化改革政策的出台，将推,https://www.usst.edu.cn/_upload/article/images/16/11/edbc4e3f42e1b9408cfc3a88c4d4/086ae6ab-7574-4fad-a9f9-79b174d29c14.jpg
2024.07.18,【筑梦一夏】科研攻“尖”  为高质量发展注入创新动能,时间是常量，也是奋进者的变量。2024年的进度条已经过半，上理人奋斗的身影始终“在线”，这个暑期也不例外：在实验室、图书馆、合作企业，在上海、长三角、全国各地，他们辛勤耕耘、上下求索，将点滴努力汇成学校高质量发展的洪流。新闻中心特推出暑期系列报道【筑梦一夏】，将目光聚焦于师生们在科研攻关、人才培养、创新实践、基础建设、服务保障等领域的实干担当，记录上理追梦人的奋斗足迹。,https://www.usst.edu.cn/_upload/article/images/01/df/6c5b33274b94ae72feaca82172e4/ccc885f9-e826-40cd-aac8-cb55fee11112.jpg
2024.07.18,校党委书记王凌宇带队走访校友企业,为进一步凝聚校友力量、深化校企合作交流，7月17日，学校党委书记王凌宇带队先后走访了校友企业上海水成环保科技股份有限公司（以下简称“上海水成”）和上海地江集团有限公司（以下简称“地江集团”），学校党（校）办、校友处、外语学院、环建学院等相关部门及学院负责人陪同走访。上海水成董事长、学校杰出校友、经贸英语专业李少华及其企业核心管理层接待了母校一行。李少华对母校一行的到访表示热烈欢迎并就企业发展历程、发展现状、产业布局、技术攻关方向及助力母校毕业生高质量就业等方面情况进行了详细介绍。地江集团董事长、学校杰出校友、交通工程专业林建华及其企业核心管理层接待了母校一行。林建华对母校一行的到访表示热烈欢迎并就企业发展状况、产品研发、人才需求、与学校产学研合作及与学校相关学院党建联建等方面情况进行了详细介绍。王凌宇代表学校向李少华校友和林建华校友长期以来对母校的关心与支持表示衷心的感谢，对其在学校持续捐赠基金项目、共建创新中心、支持母校校友工作等方面做出的诸多贡献表示肯定，对校友企业近年来的稳步发展表示祝贺。他表示，校友是学校事业发展的宝贵资源和重要力量，当前学校正在全面加快高水平大学建设，持续加大,https://www.usst.edu.cn/_upload/article/images/bc/94/1e363cf84980b8315307bc197572/665e73ab-5a1d-4c3d-ba37-ff149276db22.jpg
2024.07.18,上海开放大学校长贾炜一行来校调研,7月16日下午，上海开放大学校长贾炜、副校长郑益慧一行来上海理工大学调研。校党委书记王凌宇、总会计师赵明会见贾炜一行并座谈交流。两校相关部门、学院负责人和专业教师参加座谈。王凌宇对贾炜一行的到来表示热烈欢迎，并简要介绍了学校加快高水平大学建设，深入实施高质量发展三年计划，推进产教融合、科教融汇，探索创新型人才培养新模式的相关情况。他表示，上海开放大学作为一所“功能性、平台型”大学，积极行业企业加强合作，为经济社会发展培养了大量适需人才，具有非常鲜明的办学特色和优势。希望两校充分发挥各自办学优势，在深化教育教学改革上加强协同合作，构筑与行业企业更加紧密的合作关系，不断扩大人才培养模式的辐射性，持续为社会培养大量高质量人才，更好服务上海经济社会发展。贾炜对上海理工大学的热情接待表示感谢，并简要介绍了上海开放大学的发展历程、办学特色等情况。他指出，上海理工大学办学历史悠久、特色鲜明，近年来在高水平大学建设上取得显著成绩，今天的调研对上海理工大学积极探索科技前沿、坚持需求导向、推动跨界融合，以及不断创新人才培养模式，构建功能完善的实验室体系印象深刻。希望两校在人才培养、教育教学等领域进一步深化,https://www.usst.edu.cn/_upload/article/images/6c/53/bc11ede0412592609c906cf804a3/ad4c7967-b0df-4ab7-84bf-377ca5e04658.jpg
2024.07.16,校长丁晓东参加“智能绿色车辆”研究生微专业校外集中实践开班仪式,7月15日上午，在繁昌区委书记瞿辉、奇瑞控股集团有限公司副总经理徐晖的陪同下，校长丁晓东赴芜湖市繁昌区委党校，参加我校“智能绿色车辆”研究生微专业集中实践开班仪式，党校办、研究生院、卓越工程师学院、机械工程学院、繁昌区委、奇瑞控股集团有限公司相关领导以及微专业带队教师和全体研究生参加。开班仪式由研究生院常务副院长崔国民教授主持。首先，瞿辉代表繁昌区热烈欢迎我校研究生前来进行企业实践。他热情介绍了繁昌区的历史传承和发展演变，希望同学们在做好实践提升自我的同时，多了解美丽的繁昌、了解繁昌为高层次人才发展提供的优越条件，欢迎同学们毕业后来繁昌发展。徐晖介绍了奇瑞汽车的总体情况。他表示技术创新是奇瑞汽车得以健康发展的根本保障，奇瑞汽车热烈欢迎同学们来奇瑞开展创新实践，将全力做好各项保障工作。研究生院、卓越工程师学院、机械学院微专业教学团队负责人介绍了理论和实践教学环节配置，研究生代表进行了交流发言。崔国民强调，微专业的设立为研究生结合企业需求开展实践创新提供了广阔平台，希望同学们珍惜难得的机会，认真做好各项实践任务，全面提升综合素质。丁晓东对研究生微专业建设提出了希望和要求。他强调，研究生微专,https://www.usst.edu.cn/_upload/article/images/3c/bc/cfc5b8f140f1b2d268aec7f56f7f/880b6a8b-7646-42d6-bcd1-adda0fd5e4da.jpg
2024.07.13,我校举办2024机械工业技术创新与产教融合研讨会,2024机械工业技术创新与产教融合研讨会于7月12日在上海理工大学成功举办。此次会议由中国机械工业联合会主办、上海理工大学承办，旨在探究机械工业技术创新路径，强化校企合作与需求对接，实现产业发展与人才培养的有机融合，推动教育系统与产业系统一体化发展。中国机械工业集团有限公司副总经理、总工程师陈学东院士，全国政协常委、上海市政协副主席钱锋院士，中国机械工业联合会会长助理、工业和信息化部规划司原副司长宋志明，上海市教委科研处处长范仁华，上海理工大学党委书记王凌宇、校长丁晓东、副校长张华，中国机械工业联合会副总工程师温顺如，中国机械工业联合会科技工作部主任杨铁成、副处长路璐等出席会议。本次会议受到高校、企业和科研机构的高度关注和积极参与，来自140多家单位的400余人参会。大会现场张华主持开幕式大会分开幕式、大会报告和主题报告等3个环节，张华教授主持了上午的大会开幕式和大会报告，杨铁成高级工程师主持了下午的大会主题报告。在开幕式上，王凌宇代表承办单位上海理工大学致欢迎辞。王凌宇对各位专家莅临我校表示热烈欢迎，上海理工大学作为我国卓越工程师计划培养高校，在长期的办学中高度重视产教融合，持续贯彻,https://www.usst.edu.cn/_upload/article/images/f3/8e/49b8bf5a4f8a872b92d66df962b8/a7dee8dd-89c7-4830-9fc2-a67e96b13ccc.jpg
2024.07.12,中国共产党上海理工大学第八届委员会第十三次全体 （扩大）会议召开,中国共产党上海理工大学第八届委员会第十三次全体（扩大）会议7月11日在图文信息中心第一会议室召开。会议传达学习习近平总书记在全国科技大会、国家科学技术奖励大会、两院院士大会上的重要讲话精神，审议通过了2024年上半年学校党委常委会工作报告、关于近年学校科研工作总结及未来科研工作改革思路的报告、关于科技成果转化创新改革试点任务落实情况的报告和《中共上海理工大学第八届委员会第十三次全体会议决议》。全会由党委常委会主持。党委副书记、校长丁晓东同志传达了习近平总书记重要讲话精神；全会听取和审议了党委书记王凌宇同志受党委常委会委托，所作的2024年上半年学校党委常委会工作报告；听取了党委常委、副校长张众同志，党委委员、科研院院长刘宝林同志分别就近年学校科研工作总结及未来科研工作改革思路、科技成果转化创新改革试点任务落实情况所作的报告；审议通过了学校“赋权改革试点管理办法”“科技成果单列管理实施细则”“技术转移机构和服务队伍建设管理办法”“科技成果转化尽职免责管理办法”4个文件。王凌宇同志作总结讲话。全会同意党委常委会工作报告。一致认为，2024年上半年，在上海市委、市政府的坚强领导和市教卫工作党,https://www.usst.edu.cn/_upload/article/images/db/a9/653f4dab427db11d98955d3a48cb/c68c1607-56ed-4b83-91f6-c0eb87aa05fe.jpg
2024.07.10,校领导“七一”期间走访看望离退休老同志代表,在庆祝中国共产党成立103周年、全党开展党纪学习教育之际，校领导王凌宇、孙跃东、盛春、赵宁、赵明、张华、张众、岳海洋等分别走访慰问离退休老同志代表，送上学校的关心慰问和节日问候，向他们表示敬意和感谢。校领导走访慰问老干部、老领导现场校领导来到老同志家中或医院，和老干部、老领导们亲切交流，询问他们的身体状况、家庭情况，祝福他们健康幸福。校党委书记王凌宇向老领导介绍了学校在教学、科研、人才队伍建设等方面取得的成绩，交流了学校的发展近况与愿景，并表示，学校不会忘记广大老干部、老同志在各个历史阶段为学校发展建设作出的独特贡献，希望广大离退休干部党员以党纪学习教育为契机争做学习示范者和践行模范者，为营造良好的政治生态继续发挥余热，共同推动学校事业再上新台阶。老干部、老领导们感谢学校党委的关心和关爱，对学校的快速发展表示骄傲自豪，热忱表达对党、对学校发展的美好祝愿，并积极为学校高水平大学建设贡献力量。党校（办）、组织部（老干办）等相关部门负责人陪同参加走访慰问。“七一”期间，学校党委广泛开展了慰问老党员、生活困难党员活动，通过不同形式将党的关怀和帮扶落实到位。学校党组织把深入开展党纪学习教育同走访,https://www.usst.edu.cn/_upload/article/images/0b/62/24eb9aae46e59378bb1c7d2d93df/4d810447-6999-48c7-b8f0-2278554c00fa.png
2024.07.10,新时代上海高校教师国情教育研修班开班,7月8日，新时代上海高校教师国情教育研修班在六安市委党校开班。上海市教卫工作党委副书记、市教委副主任顾红亮，六安市委常委、组织部部长耿鹏，六安市委党校常务副校长王勇，上海理工大学党委副书记孙跃东、党委副书记朱坚民出席会议。开班仪式由上海市教卫工作党委宣传处处长、二级巡视员赵扬主持。精心设计研修课程“菜单”为了使国情教育课堂内容精准聚焦，上海理工大学、六安市委党校对基地研修课程“菜单”细心打磨。六安市委常委、组织部部长耿鹏介绍：“六安集老区、山区、库区、行蓄洪区、水源保护区于一体，文化厚重，山清水秀，我们将红色文化底蕴与绿色生态资源相结合，走出一条‘红绿融合’的发展道路，为乡村振兴赋能添色，这也是研究班丰富的国情教育资源。”那么，该如何把国情教育资源转化为研修班的“活教案”？上海理工大学党委副书记孙跃东介绍：“我们先后3次奔赴六安开展实地考察，并派出调研小队精准对接每堂课、每条线、每个点，认真研判调研实践点和路线的精准性、科学性和合理性。经双方通力合作，最终确定了此次研修班方案。”在后续的研修中，来自上海各高校的52名学员们将沿着总书记走过的足迹，走进金寨县大湾村，参观金寨县革命博物馆，,https://www.usst.edu.cn/_upload/article/images/14/7b/01dd0b024dcfaf8fc12d851d8e29/7b75c5f4-3f72-4173-afd2-cf10566c7bd5.jpg
2024.07.04,学校召开党政工作会议专题部署暑期工作,7月3日上午，学校召开党政工作会议，专题研究部署学校暑期工作。全体校领导，职能部门负责人，二级办学机构负责人、党委副书记、科研副院长参加会议。校长丁晓东主持会议。会上，光电学院、能动学院、机械学院、出版学院、中英国际学院、智能科技学院分别介绍了上半年工作开展情况，重点对暑期持续推进学院人才培养、科研创新、对外交流等工作进行了交流。科研院、后勤处作为职能部门代表，分别介绍了部门暑期重点工作、各项服务保障等工作安排。副校长岳海洋结合学校暑期整体工作安排，介绍并部署了暑期学校行政办公场所集中搬迁有关工作。丁晓东在讲话中指出，暑期是追赶超越和自我提升的黄金期，暑期活跃度体现了学校发展活力，反映了办学水平。他分析了学校事业发展面临的新形势，强调要树立“慢进也是退”的战略紧迫感，始终保持只争朝夕、快马加鞭的发展势头，利用暑期加大力度推动人才引进、对外交流、课程建设、招生宣传各项工作；要始终保持敏锐性，提前谋划人才培养改革和新一轮基金项目申报以及科研报奖工作，抢抓发展机遇，赢得发展先机；要以师生满意为标准，全力做好暑期服务保障，确保各项工作平稳有序运行；要深入开展暑期校园安全检查，加强宣传报道，营造,https://www.usst.edu.cn/_upload/article/images/33/41/d02455314663893ddbce5a26dec6/f07086d7-cd22-4e48-aa48-6b544251c442.jpg
2024.07.04,学校党委举行党纪学习教育第四次集中研讨,7月1日，在中国共产党成立103周年之际，校党委中心组在校办201会议室召开专题学习会，围绕深入学习深刻领会习近平总书记关于全面加强党的纪律建设的重要论述，开展党纪学习教育第四次集中研讨。校党委书记王凌宇主持学习会。会上，党委副书记孙跃东传达中央重要通知精神和市委书记陈吉宁在市委党的建设工作领导小组会议上的讲话精神。副校长蔡永莲、总会计师赵明分别作重点发言。全体校领导结合分管工作和前期自学情况分别开展述学交流。大家一致认为，习近平总书记重要论述深刻阐明了纪律建设的一系列重大理论和实践问题，要切实学深悟透做实。要以身作则，严格遵守党的政治纪律、组织纪律、廉洁纪律、群众纪律、工作纪律、生活纪律，认真履行“一岗双责”。要认真按照“实”的要求，从内容、对象、责任、制度等不同层面着手，营造浓厚氛围，常态化抓好校院两个层面的党纪学习教育。要坚持学以致用，增强依法依规履职尽责能力，边学习、边对照、边检视、边整改，把党纪学习教育成果转化为事业发展的具体行动和实际成效。王凌宇在总结讲话中指出，纪律严明是中国共产党的光荣传统和独特优势。今天我们迎来中国共产党成立103周年，在这样一个特殊的日子开展校党委领,https://www.usst.edu.cn/_upload/article/images/eb/a7/a137af9048609c410bb062bd297c/4c8af358-2250-4cc9-bc7d-b331e723f718.jpg
2024.07.03,第十三届台湾青年研习营暨2024青年研习营开营式在我校举办,7月2日上午，由中华职业教育社、上海中华职业教育社、香港中华职教社、澳门基金会和台湾中华杰出青年交流促进会共同主办的“第十三届台湾青年研习营暨2024青年研习营”开营仪式在上海理工大学音乐堂举行。全国政协常委、上海市政府副市长、上海中华职业教育社主任解冬，中华职教社党组书记、总干事王晓光，上海市政府副秘书长王平，上海理工大学党委书记王凌宇，上海理工大学校长丁晓东，上海市台办副主任阳礼华，上海团市委副书记、上海青年管理干部学院党委书记、校长王江，上海理工大学副校长蔡永莲，上海中华职教社副主任丁光宏，澳门大学法学院教授、助理院长汪超，台湾中华杰出青年交流促进会理事长陈长风等领导和嘉宾出席开营仪式。上海中华职教社常务副主任、市政府参事胡卫主持活动。解冬为“第十三届台湾青年研习营暨2024青年研习营”按下启动键。这是上海中华职教社自2016年起，面向港澳台青年举办研习营活动以来，累计举办的第12期；沪江学院积极承办此次研习营的开营、闭营式活动。。解冬按下开营启动键王晓光代表中华职教社向远道而来的港澳台营员们表示热烈的欢迎，向营员们详细介绍了中华职教社的悠久历史及历届研习营的基本情况。他希望营员,https://www.usst.edu.cn/_upload/article/images/d2/c1/7766f3164589801d7ed08ecd2f8f/0a4b789a-b1ec-419e-95bb-cf38eab18bb4.jpg
2024.07.03,上海理工大学举办“2024科技公共外交论坛暨2024世界人工智能大会同期论坛”,AI科技前沿领域进展如何？“AI+”如何推动新质生产力发展？如何协同合作进行AI治理？7月2日，“2024科技公共外交论坛暨2024世界人工智能大会同期论坛”在上海理工大学大礼堂举行，国内外科技领域专家和企业家代表齐聚一堂，围绕“AI赋能 协同合作”主题展开深入研讨。本次论坛旨在促进中国同世界各国的科技公共外交，加强中外在人工智能领域的合作与交流，服务上海全力打造世界级人工智能产业集群的目标。作为2024世界人工智能大会同期论坛，“2024科技公共外交论坛”由上海理工大学和上海公共外交协会联合主办，上海公共外交研究院承办，2024世界人工智能大会组委会提供支持。论坛分别由海峡两岸关系协会副会长李文辉、上海理工大学副校长蔡永莲和上海电视台外语频道记者张乐担任主持。上海理工大学党委书记、上海公共外交研究院副理事长兼院长王凌宇在欢迎辞中指出，在最近召开的全国科技大会、国家科学技术奖励大会、两院院士大会上，习近平总书记的讲话多次提到人工智能。世界人工智能大会是全球人工智能领域最具影响力的行业盛会。作为2024世界人工智能大会的同期论坛，本年度科技公共外交论坛旨在围绕人工智能领域的最新动态和前沿,https://www.usst.edu.cn/_upload/article/images/c0/2c/f6c7271e4da4b599a1b907324f33/b88043b8-c001-4fac-b67d-fcb8261ca113.jpg
2024.07.01,金奖+3！我校在第十四届“挑战杯”上海市大学生创业计划竞赛中再捧“优胜杯”,6月30日，第十四届“挑战杯”上海市大学生创业计划竞赛市级决赛在东华大学延安西路校区举行。经校内赛选拔，我校共遴选出12件作品参与市赛，经过材料汇评共有9支队伍脱颖而出挺进终审决赛。决赛中，各师生团队充分发挥自身优势、现场精彩答辩、展示项目特色，最终斩获金奖3项、银奖5项、铜奖4项，我校再捧“优胜杯”。据悉，经各参赛院校遴选推荐，此次共有74家院校的1131个项目进入第十四届“挑战杯”上海市大学生创业计划竞赛市级复赛。经专家材料阶段评审，共有358个项目入围市级决赛，同场角逐本届大赛的金奖、银奖和部分铜奖。通过现场答辩和项目展示，最终我校来自健康学院和机械学院的共3个项目斩获上海市赛金奖。我校再捧优胜杯我校金奖团队在闭幕式上领奖比赛当天，党委副书记、副校长盛春亲临现场慰问参赛团队，与每一位师生进行深入交流，详细询问了项目的准备情况，对团队指导老师的辛勤付出和团队成员的努力拼搏表示肯定与感谢。盛春鼓励同学们要沉着应对、全力以赴在“挑战杯”的舞台上展示上理学子锐意进取、开拓创新的青春风貌，并预祝他们在此次“挑战杯”市赛中取得优异成绩。同时，校团委书记刘威及各项目所在学院的领导、项目负责人和,https://www.usst.edu.cn/_upload/article/images/78/5f/068ff81843418f8ea1c8b222e07a/73d1d0aa-a968-454f-972f-68704bf13782.jpeg
2024.07.01,学校召开领导班子调整宣布会,7月1日上午，学校召开领导班子调整宣布会。上海市教卫工作党委一级巡视员郑锦出席会议并讲话，党委书记王凌宇主持会议。市委组织部宣教科技干部处副处长张持宣读了市委有关干部任职决定，朱坚民同志任上海理工大学党委副书记、上海出版印刷高等专科学校党委书记。党委书记王凌宇，党委副书记、校长丁晓东，上海理工大学副校长、上海出版印刷高等专科学校校长栗建华分别发言，朱坚民作表态发言。郑锦在讲话中对调整后的校领导班子提出三点希望：一是要提高政治站位，坚持社会主义办学方向，旗帜鲜明加强党对教育工作的领导；二是要聚焦主责主业，坚守为党育人、为国育才初心使命，着力培养堪当民族复兴重任的时代新人，深化产教融合、协同育人，持续完善实践育人的长效机制；三是要服务中心和大局，以高质量党建引领学校各项事业高质量发展。要以筹备学校新一届党代会为契机，不断激发办学活力，增强学校服务国家战略和上海发展的能级。市委组织部宣教科技干部处、市教卫工作党委组织干部处相关领导同志、学校和版专领导班子成员和相关综合部门负责人参加会议。会议现场供稿：党委（校长）办公室、党委组织部,https://www.usst.edu.cn/_upload/article/images/a2/b3/45d81cb842a5bd9e76ab889fe5f6/7f616f29-9bb1-4493-a695-594a9cddc5d7.jpg
2024.07.01,学校党委举办庆祝中国共产党成立103周年“书记论坛”,6月28日上午，学校党委举办以“抓基层固根本 谋实效促发展”为主题的“书记论坛”，庆祝中国共产党成立103周年。校党委书记、党委副书记，二级党组织书记、副书记，党务部门、群团组织负责人，“光荣在党50年”老同志代表及基层支部书记、党员代表等70余人参加。校党委书记王凌宇出席论坛并讲话，校党委副书记孙跃东主持会议。会议首先介绍了“光荣在党50年”纪念章颁发情况并为我校“光荣在党50年”纪念章获得者代表颁发了纪念章，号召全校党员要学习老党员一心向党、艰苦奋斗的崇高品质，引导党员赓续血脉薪火相传。会议邀请了6位基层党支部书记代表分享交流开展党纪学习教育和抓党建、促发展、强引领的经验做法。健康科学与工程学院康复工程与机器智能党支部副书记李素姣介绍了支部在“一个中心”“三个平台”“四力驱动”“七个有力”的总体工作思路下如何发挥党建引领筑牢思想根基，助力学科发展开拓创新的实践探索；光电信息与计算机工程学院光学工程(学硕）研究生党支部书记华昕怡分享了支部如何以“七个有力”夯实支部战斗堡垒，引领党员全面发展的经验做法；机械工程学院机电系党支部书记沈伟分享了支部如何以党建联建为抓手，为青年教师成长发展聚,https://www.usst.edu.cn/_upload/article/images/e1/4f/66dda2ef4ff1b7a4283dc064f701/830c3e48-0884-427f-9ee3-834da0c7161f.jpg
2024.06.30,学校召开党纪学习教育工作推进会,为进一步贯彻落实上海市委和市教卫工作党委党纪学习教育工作相关要求，推动学校党纪学习教育走深走实，6月28日，学校在大礼堂二楼会议厅召开党纪学习教育工作推进会。党委书记王凌宇、党委副书记孙跃东、赵宁以及学校党纪学习教育专班负责人、各二级党组织书记等参加会议。会议由孙跃东主持。会议传达了近期市委、市教卫工作党委关于党纪学习教育相关工作要求，要求各级党组织要学深悟透习近平总书记关于全面加强党的纪律建设的重要论述，在学好论述摘编、开展专题学习、一体学习领会等方面进一步抓好贯彻落实，要紧扣《条例》抓好党员、干部学习，不断加深对习近平总书记重要思想的领悟，切实增强遵规守纪的自觉。会议还对七月底之前各二级党组织和基层党支部的党纪学习教育安排提出了具体要求。王凌宇指出，高质量开展党纪学习教育，是一项重要政治任务，是加强党的纪律建设、推动全面从严治党向纵深发展的重要举措。就下一阶段如何推进并深化党纪学习教育成效，王凌宇要求，一要坚持以上率下，持续推进党纪学习教育走深走实。领导干部作为“关键少数”，要发挥“关键作用”，在学纪、知纪、明纪、守纪上树立更高标准、落实更严要求。二要坚持以严为尺，推动形成遵规守纪,https://www.usst.edu.cn/_upload/article/images/4d/b1/8b73934d42abbe69aaa0e51dfafd/7eb70f98-cf64-4960-b869-8fd15250f38d.jpg
2024.06.28,学校举行党纪学习教育警示教育会,6月27日下午，学校举行党纪学习教育警示教育会，深入学习贯彻习近平总书记关于全面加强党的纪律建设的重要论述，认真落实全市和市教卫工作党委系统党纪学习教育警示教育会精神，结合学校违纪违法典型案例找差距、查根源、明举措，引导教育广大党员干部常敲思想警钟、常紧纪律之弦、常存敬畏之心，以更强的思想和行动自觉学纪、知纪、明纪、守纪，在新征程上更好展现新气象、新作为。学校党委书记王凌宇主持会议并讲话，全体校领导、中层正职及部分重点领域部门副职、校级研究院负责人等参加会议。会上，校党委副书记、纪委书记赵宁作“学习党纪 恪守党纪，永葆共产党人政治本色”党纪学习教育专题辅导报告，从纪律严明是党的光荣传统和独特优势、《中国共产党纪律处分条例》的基本内容和主要特点、心存敬畏严于律己做政治上的明白人三个方面来系统阐述了纪律建设的必要性、科学性和长期性，并对学校党员领导干部提出了必须进一步养成在受监督和约束的环境中工作生活的习惯的高标准与严要求。校党委副书记、副校长盛春传达了近日市教卫工作党委安全稳定工作有关会议精神，并对学校近期安全稳定工作进行部署。王凌宇在讲话中指出，党的十八大以来，以习近平同志为核心的党中,https://www.usst.edu.cn/_upload/article/images/c8/9f/f8666fa443f7baaa69851b5e0a92/22b668c5-d85b-4eb2-8dbd-b521e642a0e4.jpg
2024.06.27,学校举行2024年暑期社会实践暨西部计划志愿者出征仪式,6月26日下午，学校2024年暑期社会实践暨西部计划志愿者出征仪式在图文信息中心第一会议室举行。党委副书记、副校长盛春，上海市希望工程和青年志愿者指导中心郭晓峰，党委研工部部长彭宗祥，校团委书记刘威，党委组织部副部长孟志雷，党委宣传部副部长李凡，党委学工部副部长冯磊，各二级学院学工负责人，各学院团委书记，师生代表参加仪式。出征仪式由校团委副书记杨阳主持。刘威介绍了今年暑期社会实践项目申报情况和西部志愿者的录取情况，李凡对暑期社会实践红色寻访做了专题介绍。机械学院韩少杰同学作为知行杯获奖代表分享经验。材化学院邢青老师和马克思主义学院孙迎澳同学分别代表2024年暑期社会实践指导教师和学生发言，健康学院郑楚君同学代表西部志愿者发表出征感言。彭宗祥向暑期社会实践团队代表授旗。郭晓峰、孟志雷、冯磊为西部计划志愿者发放纪念品。盛春代表学校党政对各实践团队和西部志愿者提出三点希望：一是坚定理想信念，牢记使命担当，在社会实践和志愿服务中坚定紧跟党走、奋进新征程的信心决心；二是深入学思践悟，创优实践成果，在社会实践和志愿服务中做到学以致用、知行合一；三是精心谋篇布局，筑牢安全底线，确保社会实践和志愿服务,https://www.usst.edu.cn/_upload/article/images/9b/37/17d587d74a7f9f74df953bbdcf37/2be8cdb4-18da-464c-9ccd-55ee49ae8db6.jpg
2024.06.24,上海理工大学召开第二十七次学生、研究生代表大会,6月22日，上海理工大学第二十七次学生、研究生代表大会召开，此次大会主会场设在图文信息中心第一会议室，分会场设在图文报告厅和先进制造大楼报告厅。校党委副书记、副校长盛春，研究生工作部部长彭宗祥，校团委书记刘威，团委副书记刘婷，上海市学生联合会驻会执行主席周彦泓，校学生会、研究生会副秘书长杨苗蕾，研究生会指导老师林发龙，各学院学生代表和上海市兄弟院校学生组织代表与会。,https://www.usst.edu.cn/_upload/article/images/c3/6b/05c1eb9847ff8af6f416ec9b8321/4445df15-ae7a-4c8c-a254-34730b2c1d8e.jpg
2024.06.22,校长丁晓东率队赴海南高校调研交流,6月20日，校长丁晓东率党（校）办、研究生院、跨学科创新研究院、健康学院等部门负责人赴海南医科大学、海南师范大学、海南大学等高校调研交流。,https://www.usst.edu.cn/_upload/article/images/ea/30/afd472254d66b453b274d7e5fd60/8fc7e642-c1df-4024-869b-73f633be224b.png
